m1 h,m2 h,m3 h,m4 h,m1 a,m2 a,m3 a,m4 a,winner
-3.84,-0.9000000000000004,3.0809443507588528,-0.7590556492411471,-1.4799999999999995,0.8999999999999995,0.8865154264972777,-0.5934845735027219,1
0.48999999999999977,1.3499999999999996,0.10307692307692307,0.5930769230769228,-0.5300000000000002,-0.8799999999999999,1.3929132569558105,0.8629132569558102,1
-0.04999999999999982,-0.5899999999999999,0.29478527607361915,0.24478527607361933,0.4300000000000006,-0.9400000000000004,1.0772727272727267,1.5072727272727273,0
0.44999999999999973,1.4100000000000001,0.5176595744680852,0.9676595744680849,2.08,-0.13999999999999968,-0.4997574123989219,1.5802425876010782,0
1.7400000000000002,0.009999999999999787,-0.13235294117647056,1.6076470588235297,1.5500000000000003,-0.020000000000000462,-1.0841281138790033,0.46587188612099695,0
0.41999999999999993,0.3700000000000001,-0.7902386117136659,-0.370238611713666,-0.0699999999999994,-0.3100000000000005,0.5777371048252906,0.5077371048252912,1
-0.1900000000000004,-0.7299999999999995,0.18624309392265204,-0.0037569060773483542,0.5700000000000003,-0.9100000000000001,0,0.5738461538461541,0
0.4900000000000002,1.0899999999999999,-0.22967213114754115,0.26032786885245907,0.33000000000000007,-1.2299999999999995,1.2938461538461539,1.623846153846154,1
-1.1799999999999997,-0.41999999999999993,-1.4179310344827591,-2.597931034482759,0.44999999999999973,0.040000000000000036,-0.1693220338983048,0.28067796610169493,1
-0.6200000000000001,0.7400000000000002,-0.714999999999999,-1.334999999999999,1.69,-0.08999999999999986,-0.3264846870838882,1.3635153129161117,0
1.31,-0.2799999999999998,0,-1.5000621118012418,0.11000000000000032,-1.4900000000000002,-1.3875000000000002,-1.2774999999999999,1
0.46999999999999975,-0.08999999999999986,0.19060773480662974,0.6606077348066295,1.1099999999999999,-0.39999999999999947,-1.3637569060773482,-0.25375690607734835,1
-15.99,-0.009999999999999787,0,-20.28545454545454,-0.4899999999999993,-1.12,0.0019489559164735937,-0.48805104408352573,1
0.5900000000000007,-0.8700000000000001,0.5370725034199717,1.1270725034199724,2.44,0.0,-0.9256521739130434,1.5143478260869565,1
0.3900000000000001,1.3899999999999997,0.6968292682926829,1.086829268292683,0.06000000000000005,1.5699999999999998,-0.6817577197149642,-0.6217577197149642,1
1.15,0.3999999999999999,-0.1484853700516351,1.0015146299483648,-0.46999999999999975,0.5199999999999996,1.3295652173913042,0.8595652173913044,0
1.06,0.8699999999999997,-1.5785498489425978,-0.5185498489425977,2.13,0.0,-0.9152272727272726,1.2147727272727273,1
0.8499999999999996,-0.7999999999999998,-0.15626506024096365,0.693734939759036,0.3400000000000003,1.2099999999999995,1.563041722745626,1.9030417227456262,1
2.2,1.1600000000000001,-0.10846153846153839,2.0915384615384616,2.54,-1.2999999999999998,0.4777224199288259,3.017722419928826,1
-2.4800000000000004,0.7100000000000009,2.4980314960629926,0.018031496062992147,0.20000000000000018,-0.07000000000000028,-4.801428571428572,-4.6014285714285705,0
0.20999999999999996,-0.33000000000000007,0.8078145695364238,1.0178145695364238,-0.35000000000000053,-0.9299999999999997,-0.9046900269541771,-1.2546900269541776,1
2.03,-1.38,-1.1407331378299124,0.8892668621700874,1.17,1.3699999999999997,-0.25433384379785595,0.915666156202144,0
0.2699999999999996,-0.02999999999999936,2.2411453744493395,2.511145374449339,-1.3600000000000003,-0.4500000000000002,0.23176470588235354,-1.1282352941176468,1
-0.07999999999999963,0.5500000000000003,-0.10764705882352921,-0.18764705882352883,0.040000000000000036,0.029999999999999805,0.0,0.040000000000000036,0
0.2999999999999998,-0.7999999999999998,1.1100000000000003,1.4100000000000001,1.73,-0.06000000000000005,-1.1915384615384617,0.5384615384615383,1
1.15,1.4900000000000002,0.15277486910994797,1.3027748691099479,1.6500000000000001,1.4299999999999997,-0.4428785811732603,1.2071214188267398,1
2.6300000000000003,-0.6000000000000005,0,0.3200000000000003,0.29000000000000004,0.4899999999999993,-0.9032460732984289,-0.6132460732984288,1
-1.77,-0.010000000000000231,-0.3567741935483868,-2.126774193548387,1.6000000000000005,0.4299999999999997,-0.013364485981308682,1.5866355140186919,0
-1.6399999999999997,-1.4899999999999998,0.0027586206896543786,-1.6372413793103453,-0.019999999999999574,0.08999999999999986,0,-3.26,1
-0.5799999999999996,0.8900000000000001,0.6363503649635036,0.056350364963503985,3.13,-0.02999999999999936,0,2.917142857142857,1
1.0899999999999999,-0.7699999999999996,0.5304651162790699,1.6204651162790698,-0.7800000000000002,1.17,0.5620994475138126,-0.21790055248618767,1
-0.3799999999999999,1.25,-1.3271028037383177,-1.7071028037383176,0.04999999999999982,-0.09999999999999964,0.6268115942028984,0.6768115942028983,1
-0.6000000000000005,-0.9199999999999999,-1.1271428571428563,-1.7271428571428569,1.88,-0.8300000000000001,-0.7090668740279931,1.1709331259720068,0
0.18999999999999995,-0.25,-0.08045534150612976,0.10954465849387018,-1.7199999999999998,0.3599999999999999,-0.22000000000000064,-1.9400000000000004,1
1.6500000000000004,-0.21999999999999975,-0.8308360128617363,0.8191639871382641,4.9,-1.0300000000000002,-6.585365853658536,-1.6853658536585359,1
0.35000000000000053,-1.4100000000000001,0.8017956656346747,1.1517956656346753,1.37,1.3899999999999997,0.6586885245901639,2.028688524590164,0
-1.4900000000000002,-1.1000000000000005,-0.058074534161489666,-1.5480745341614899,1.71,0.54,-0.026567164179104097,1.6834328358208959,0
-1.13,0.4300000000000006,-0.35839228295819936,-1.4883922829581993,0.6499999999999999,0.14000000000000012,-1.0563341067285377,-0.40633410672853776,0
1.6100000000000003,-0.7700000000000005,1.3493306288032456,2.959330628803246,0.41000000000000014,-0.07000000000000028,0.15846153846153843,0.5684615384615386,0
2.67,1.4800000000000004,-0.8716666666666666,1.7983333333333333,1.9999999999999998,1.4000000000000004,-2.128814016172506,-0.12881401617250665,1
-1.3499999999999996,-0.5499999999999998,0.4878260869565221,-0.8621739130434776,0.05000000000000071,0.45999999999999996,-1.4590209790209787,-1.409020979020978,0
0.11000000000000032,-0.050000000000000266,-0.8568421052631576,-0.7468421052631573,0.6699999999999995,0.4500000000000002,0.23709534368070972,0.9070953436807092,1
-1.79,-1.46,-0.484726688102894,-2.274726688102894,1.23,0.08000000000000007,-1.3620496894409935,-0.1320496894409935,1
1.3599999999999999,0.96,0,0.010588235294117343,2.3599999999999994,-0.10999999999999943,0.0008695652173913437,2.3608695652173908,1
0.5800000000000001,-0.71,-0.03370106761565861,0.5462989323843415,0.5699999999999998,1.1,0.37277486910994817,0.942774869109948,1
-0.10000000000000009,1.2600000000000002,-0.7833920704845818,-0.8833920704845819,0.6199999999999997,-0.1299999999999999,-1.4789189189189185,-0.8589189189189188,0
2.0,-0.94,-3.477096774193548,-1.477096774193548,-3.0200000000000005,-0.7800000000000002,1.517829912023461,-1.5021700879765394,0
-0.2100000000000004,-0.2200000000000002,-0.21063091482649732,-0.4206309148264977,-2.1799999999999997,0.33999999999999986,0.8985074626865668,-1.281492537313433,0
-0.10999999999999988,-0.2200000000000002,0.8172727272727269,0.707272727272727,-0.22999999999999998,0.33999999999999986,-2.312732919254659,-2.542732919254659,1
-1.8500000000000005,-0.13999999999999968,-1.7848456057007116,-3.634845605700712,1.4500000000000002,-1.0800000000000005,0.6393212669683264,2.0893212669683265,0
1.7900000000000005,-1.4700000000000006,-2.598333333333333,-0.8083333333333327,0.3600000000000003,1.46,-0.012461197339246333,0.347538802660754,0
0.45999999999999996,0.08999999999999986,0.7464596273291928,1.2064596273291928,0.5800000000000001,-0.56,-0.3591655266757865,0.22083447332421358,0
-0.79,0.08999999999999986,1.2397560975609752,0.4497560975609751,0.81,-0.56,-0.20523364485981288,0.6047663551401872,1
-2.5299999999999994,-1.1300000000000008,-3.040000000000001,-5.57,0.98,0.5800000000000001,0.04211129296235683,1.0221112929623568,0
-2.0,0.27999999999999936,2.0836842105263162,0.08368421052631625,1.48,0.2799999999999998,0,1.48,1
-0.5899999999999999,-0.7800000000000002,-0.2816666666666663,-0.8716666666666661,-1.1399999999999997,-0.04999999999999982,-3.7826556016597515,-4.922655601659751,0
1.1800000000000002,1.5199999999999996,0.714773413897281,1.8947734138972812,-0.21999999999999975,1.3299999999999996,-0.0259701492537312,-0.24597014925373095,1
0.20000000000000018,-0.6399999999999997,1.062225063938619,1.2622250639386192,0.7599999999999998,0.54,0.8176923076923073,1.577692307692307,1
-0.20000000000000018,-0.009999999999999787,-0.17499999999999982,-0.375,1.1499999999999995,0.41999999999999993,-0.22928460342146195,0.9207153965785375,1
1.0499999999999998,-1.3899999999999997,-1.6952212389380525,-0.6452212389380527,-3.2,0.03000000000000025,0,-4.493636363636363,0
0.22999999999999998,0.9700000000000002,-0.33666666666666645,-0.10666666666666647,-0.7000000000000002,-0.13999999999999968,1.211026438569207,0.5110264385692069,1
-0.7300000000000004,-0.6799999999999997,1.253953488372094,0.5239534883720935,-0.6099999999999999,1.0699999999999998,-0.6462251655629139,-1.2562251655629137,1
0.3199999999999994,-0.9499999999999997,0.11054054054054152,0.4305405405405409,0.2999999999999998,-0.75,0.09313539192399034,0.39313539192399016,0
-1.6299999999999994,-0.2200000000000002,1.314285714285714,-0.3157142857142854,1.2999999999999998,0.33000000000000007,0.39586206896551746,1.6958620689655173,1
0.2999999999999998,-1.4699999999999998,-0.11663747810858105,0.18336252189141877,-0.16999999999999993,-0.040000000000000036,-0.09155080213903677,-0.2615508021390367,1
-0.5099999999999998,-1.1500000000000004,0.5509967845659167,0.04099678456591693,-1.6399999999999997,1.58,2.218461538461538,0.5784615384615384,0
0.0,0.3000000000000007,0.22113744075829356,0.22113744075829356,0.8400000000000003,0.040000000000000036,-0.48551724137931007,0.35448275862069023,0
-0.8500000000000005,-0.7199999999999998,-1.3545762711864402,-2.2045762711864407,1.7099999999999995,-0.15999999999999925,-0.10892008639308859,1.601079913606911,1
0.9700000000000002,0.9699999999999998,0.2132078559738133,1.1832078559738135,0.2599999999999998,1.4500000000000002,0.28502712477396,0.5450271247739598,1
2.7800000000000002,-0.9500000000000002,-0.9768414154652683,1.803158584534732,-0.09999999999999964,0.39999999999999947,0.49571428571428555,0.3957142857142859,1
0.6799999999999997,-0.16999999999999993,-0.19876033057851128,0.48123966942148844,0.7100000000000004,1.2499999999999996,-1.0623981900452488,-0.3523981900452484,0
1.6499999999999995,-1.3999999999999995,0.6234164588528683,2.273416458852868,1.8000000000000003,-0.08999999999999986,0.8428742514970058,2.6428742514970063,0
-0.6299999999999999,-1.25,-1.485897435897435,-2.115897435897435,0.2699999999999996,1.67,0.33090909090909104,0.6009090909090906,0
-0.08000000000000007,0.25,1.706923076923077,1.626923076923077,-8.53,0.10000000000000053,0,-9.018688524590164,1
0.5599999999999996,-1.04,-0.24975609756097494,0.31024390243902467,-0.15000000000000036,-0.4399999999999995,-0.7842384105960267,-0.9342384105960271,1
0.6100000000000003,0.2599999999999998,-0.7514634146341463,-0.14146341463414602,-0.23999999999999932,0.6099999999999994,-0.3981679389312971,-0.6381679389312964,0
1.5499999999999998,-0.6799999999999997,0,1.5541176470588232,2.25,-0.1899999999999995,-0.7902127659574467,1.4597872340425533,0
1.65,0.0,-0.47089887640449435,1.1791011235955056,0.040000000000000036,-0.5699999999999994,-0.6093181818181819,-0.5693181818181818,0
1.04,0.2799999999999998,-0.03235294117647047,1.0076470588235296,0.7199999999999998,-0.03000000000000025,0.9992532942898977,1.7192532942898975,0
2.28,-0.14999999999999947,0.4280612244897959,2.7080612244897955,1.73,-0.16999999999999993,0.002207792207792103,1.732207792207792,0
0.0,-1.3899999999999997,-1.3942892768079798,-1.3942892768079798,-0.22999999999999998,1.2199999999999998,0.6566101694915254,0.4266101694915254,1
-2.1999999999999997,1.0100000000000002,-0.33568445475638065,-2.5356844547563804,0.4700000000000002,1.38,-0.03165545087483146,0.43834454912516874,1
0.5599999999999996,-0.6299999999999999,-1.296666666666666,-0.7366666666666664,-4.39,-0.7800000000000002,2.1550000000000002,-2.2349999999999994,1
2.5,1.0,0,-1.7500621118012418,-1.6500000000000004,0.47000000000000064,-0.35716417910447706,-2.0071641791044774,0
0.009999999999999787,-0.8799999999999994,0,-355.15,0.27,0.33000000000000007,-0.6099999999999999,-0.33999999999999986,0
2.42,-0.23000000000000043,0.17448979591836755,2.5944897959183675,2.16,1.2999999999999998,-1.075499316005472,1.084500683994528,0
2.42,-1.4399999999999995,-0.7263817097415508,1.6936182902584491,2.0900000000000003,-0.03000000000000025,-0.9534010152284265,1.1365989847715738,0
3.3600000000000003,-1.2599999999999998,-4.07,-0.71,0.3200000000000003,1.6699999999999995,0.6499999999999999,0.9700000000000002,0
1.2799999999999998,-0.9499999999999997,0,1.2799999999999998,0.9800000000000004,-0.5200000000000005,-0.964751958224543,0.015248041775457466,1
1.81,0.23999999999999977,-0.004999999999999671,1.8050000000000004,0.8499999999999996,0.6200000000000001,0.9719101123595508,1.8219101123595505,0
-0.08999999999999986,-0.020000000000000018,-3.189230769230769,-3.279230769230769,2.86,-0.5499999999999998,-0.7523076923076921,2.1076923076923078,1
-0.03000000000000025,-0.16999999999999993,0.36452830188679286,0.3345283018867926,0.5800000000000001,-0.15000000000000036,-0.7485498489425977,-0.1685498489425976,0
0.6000000000000005,-1.3200000000000003,-1.3045161290322582,-0.7045161290322577,-0.33000000000000007,1.1600000000000001,-1.061020408163265,-1.391020408163265,0
1.2200000000000002,1.0099999999999998,-1.0645945945945945,0.1554054054054057,1.3699999999999997,1.3400000000000003,-0.0666444740346206,1.303355525965379,1
-1.0200000000000005,-0.5999999999999996,-0.2480582524271835,-1.268058252427184,0.8900000000000006,-0.79,1.367142857142857,2.2571428571428576,0
0.27,0.9299999999999997,-0.10999999999999943,0.1600000000000006,0.1999999999999993,0.5200000000000005,0.11042158516020262,0.3104215851602019,1
-0.6299999999999999,-0.96,-0.19571428571428573,-0.8257142857142856,1.3500000000000005,0.40999999999999925,-0.002105263157894832,1.3478947368421057,1
-0.9500000000000002,-0.8799999999999999,-1.797209302325582,-2.747209302325582,1.1,1.8200000000000003,0.5756109725685783,1.6756109725685784,0
1.46,1.2999999999999998,0.7003732503888023,2.160373250388802,-0.6500000000000004,0.33000000000000007,1.8314285714285714,1.181428571428571,0
-0.22999999999999998,0.20999999999999996,-0.07058823529411784,-0.3005882352941178,-0.5099999999999998,-0.14000000000000012,0.47128390596745096,-0.03871609403254883,0
1.77,-0.71,-0.3530434782608687,1.4169565217391313,-1.8100000000000005,0.009999999999999787,0,-4.552459016393443,0
-1.5899999999999999,0.0,0.6038504155124658,-0.9861495844875341,-1.5199999999999996,-0.5600000000000005,0.18433962264151038,-1.3356603773584892,1
-2.12,-0.5699999999999998,0.41807692307692346,-1.7019230769230766,-0.8100000000000005,-1.3199999999999998,1.6100000000000003,0.7999999999999998,0
-1.3100000000000005,1.0,1.2981081081081083,-0.011891891891892215,0.25,0.4299999999999997,-0.5452132701421792,-0.29521327014217924,1
1.9999999999999996,-0.9199999999999999,-4.308605898123325,-2.308605898123325,0.8000000000000003,0.3799999999999999,-0.5366515837104076,0.2633484162895927,0
-2.12,0.6300000000000008,0.3343824701195217,-1.7856175298804784,-0.8100000000000005,-1.4199999999999995,1.2623441396508728,0.4523441396508723,1
0.23999999999999932,0.41000000000000014,-1.1248398576512448,-0.8848398576512455,-0.20999999999999996,0.08999999999999986,-0.3869620253164552,-0.5969620253164551,1
1.8199999999999998,1.1599999999999997,-0.48117824773413886,1.338821752265861,1.17,-0.6299999999999999,-0.49209580838323363,0.6779041916167663,0
1.2600000000000002,-0.11000000000000032,0.0028571428571426694,1.262857142857143,-0.39000000000000057,-0.0699999999999994,0.6404740406320553,0.2504740406320547,0
0.8399999999999999,1.2300000000000004,0.0,0.8399999999999999,-1.4900000000000002,0.3700000000000001,0.28108108108108176,-1.2089189189189185,1
0.8600000000000003,0.13999999999999968,-0.2716187594553712,0.5883812405446291,0.04999999999999982,-0.07999999999999963,0.1918840579710146,0.24188405797101442,1
1.38,-0.009999999999999787,-1.248778280542986,0.131221719457014,0.8200000000000003,-0.7400000000000002,-1.5486075949367084,-0.7286075949367081,1
0.96,0.29000000000000004,-0.30241992882562263,0.6575800711743773,0.3200000000000003,-0.1900000000000004,-0.4645425867507882,-0.1445425867507879,1
-1.9299999999999997,0.29000000000000004,-0.47838174273858947,-2.408381742738589,-2.8200000000000003,-0.1900000000000004,1.1725000000000003,-1.6475,0
-0.6099999999999994,1.0299999999999994,0.8246835443037974,0.214683544303798,-3.0299999999999994,-1.4299999999999997,1.8940213523131666,-1.1359786476868328,1
-0.3899999999999997,1.37,0.32586206896551717,-0.06413793103448251,1.1500000000000004,0.41999999999999993,0.9320779220779221,2.0820779220779224,1
0.9499999999999997,-0.6399999999999997,-0.14999999999999947,0.8000000000000003,-1.6100000000000003,-1.2199999999999998,-0.33000000000000007,-1.9400000000000004,0
2.56,1.0,0,-1.17,0.10999999999999943,-0.3199999999999994,0.3685074626865674,0.47850746268656685,1
0.21999999999999975,-0.9599999999999995,-0.41376237623762435,-0.1937623762376246,0.3799999999999999,-0.6400000000000006,-0.24795497185741056,0.13204502814258934,1
0.07000000000000028,0.75,-1.2952851711026616,-1.2252851711026613,-2.3599999999999994,-1.5200000000000005,-1.9653958944281529,-4.325395894428152,0
0.6400000000000001,0.4299999999999997,0.47686212361331215,1.1168621236133123,-0.06000000000000005,0.06999999999999984,0.05941176470588294,-0.0005882352941171121,1
1.58,1.0699999999999998,-0.5723287671232877,1.0076712328767123,0.11000000000000032,-0.5500000000000007,0.0,0.11000000000000032,0
-0.5200000000000005,-0.1200000000000001,1.8881954887218049,1.3681954887218044,1.3499999999999996,-0.04999999999999982,0.09795580110497282,1.4479558011049725,1
1.3199999999999998,-0.9799999999999995,0.9207569721115538,2.2407569721115537,2.24,1.92,-0.525121951219512,1.7148780487804882,1
-2.1800000000000006,-0.9799999999999995,-1.15771653543307,-3.3377165354330707,1.0100000000000002,1.92,-0.4768352365415991,0.5331647634584011,0
-0.17000000000000037,1.2600000000000002,-0.9590835030549894,-1.1290835030549897,-1.1899999999999995,0.3099999999999996,2.101052631578947,0.9110526315789476,1
2.19,0.27,0,2.19,-1.29,-0.2100000000000004,0.7878116343490307,-0.5021883656509694,1
0.04999999999999982,0.0,-0.6499999999999995,-0.5999999999999996,0.28000000000000025,-0.7400000000000002,1.212636655948553,1.4926366559485533,1
2.82,0.29000000000000004,-0.5588235294117647,2.261176470588235,0.0600000000000005,-0.1800000000000006,-0.8553987730061348,-0.7953987730061343,1
0.6999999999999997,1.0899999999999999,-1.6017647058823532,-0.9017647058823535,0.6000000000000005,-1.4900000000000002,1.558559077809798,2.1585590778097985,0
-0.48,1.3800000000000003,-2.250508806262231,-2.730508806262231,-0.6600000000000001,0.40000000000000036,0.08850746268656717,-0.571492537313433,1
0.8099999999999996,-0.6399999999999997,0.6200000000000001,1.4299999999999997,1.0299999999999998,-1.19,-1.3415618661257613,-0.31156186612576153,1
-0.2100000000000004,1.0000000000000004,0.30071823204419923,0.09071823204419882,0.75,-0.3200000000000003,1.226720257234727,1.976720257234727,1
2.75,-0.8799999999999999,-1.2970947030497593,1.4529052969502407,2.44,-0.7000000000000002,0,2.67,1
1.0199999999999996,0.7300000000000004,0.07819383259911872,1.0981938325991183,-0.9900000000000002,-1.4799999999999995,-0.11225806451612819,-1.1022580645161284,1
-1.5600000000000005,0.4500000000000002,-0.2965594855305458,-1.8565594855305463,1.6400000000000001,0.03999999999999959,-1.0754054054054052,0.5645945945945949,1
3.72,1.0699999999999998,0,3.72,-1.7999999999999998,-0.5500000000000007,-1.8370119521912347,-3.6370119521912345,1
1.48,-0.08000000000000007,-0.9302386117136661,0.5497613882863339,-0.7300000000000004,-0.08999999999999986,0,2.42,0
0.5300000000000002,-0.9500000000000002,1.1848387096774196,1.7148387096774198,-0.8799999999999999,1.8600000000000003,0.3515037593984962,-0.5284962406015037,1
0.3599999999999999,1.2599999999999998,-0.715616641901931,-0.3556166419019311,-0.2200000000000002,0.2999999999999994,0.24839416058394193,0.02839416058394173,1
0.7399999999999998,0.28000000000000025,-0.4907077326343381,0.24929226736566168,1.9,-0.20999999999999996,0.2363096960926192,2.136309696092619,0
-1.21,0.08000000000000007,-1.6865517241379306,-2.8965517241379306,-0.9500000000000002,-0.8099999999999996,-0.845376782077393,-1.7953767820773932,1
-0.7599999999999998,-0.7199999999999998,-0.8217647058823525,-1.5817647058823523,-2.1000000000000005,0.040000000000000036,0,-2.128571428571429,1
1.0,0.29000000000000004,0.2745454545454544,1.2745454545454544,2.0900000000000003,-0.1900000000000004,-0.3951020408163264,1.694897959183674,0
1.0899999999999999,0.9699999999999998,-0.616883116883117,0.4731168831168828,1.9299999999999997,-1.3599999999999994,0.6766518847006653,2.606651884700665,1
-0.5700000000000003,1.37,0,0.6299999999999999,0.17000000000000037,0.3799999999999999,-1.216850393700787,-1.0468503937007867,0
-0.7799999999999998,1.1099999999999999,-0.8897047970479699,-1.6697047970479697,1.5699999999999998,-0.4399999999999995,0.3829133858267717,1.9529133858267715,0
-0.6099999999999994,-0.7700000000000005,1.7733175355450235,1.163317535545024,0.1900000000000004,-0.7999999999999998,-1.7119944598337948,-1.5219944598337944,1
-0.0600000000000005,0.8200000000000003,0.28000000000000025,0.21999999999999975,-0.16000000000000014,-1.5699999999999994,-1.4154356846473028,-1.575435684647303,1
-0.27000000000000046,0.54,0.048056872037914644,-0.22194312796208582,3.14,-0.8300000000000001,-2.5169230769230766,0.6230769230769235,1
2.18,-0.14000000000000057,-0.5629213483146067,1.6170786516853934,-1.1799999999999997,-0.16000000000000014,0.743846153846154,-0.43615384615384567,1
-5.970000000000001,-0.040000000000000036,0,-6.190540540540541,1.4299999999999997,-0.9299999999999997,0,1.280588235294117,1
-2.59,-0.8600000000000003,0.7491304347826091,-1.8408695652173908,-0.08000000000000007,-1.12,-1.1118181818181814,-1.1918181818181814,1
0.29000000000000004,1.8199999999999998,0.929062119366626,1.219062119366626,-1.7599999999999998,-1.5899999999999999,0.035273311897105586,-1.7247266881028942,0
1.19,1.3200000000000003,-0.1192430278884462,1.0707569721115537,0.8900000000000001,1.2999999999999998,-2.9866302652106085,-2.0966302652106084,1
1.8400000000000003,0.13999999999999968,0.009999999999999787,1.85,0.16999999999999993,0.22000000000000064,1.9747150259067356,2.1447150259067356,1
-0.009999999999999787,-0.04999999999999982,-2.95,-2.96,-1.4299999999999997,-0.41999999999999993,-2.2663220675944338,-3.6963220675944335,0
-2.21,-0.6699999999999999,0.5431034482758621,-1.6668965517241379,1.0899999999999999,-1.3499999999999996,-0.5625,0.5274999999999999,1
1.6999999999999997,-0.1599999999999997,-1.9154028436018957,-0.215402843601896,3.33,0.2599999999999998,-5.30278232405892,-1.9727823240589197,1
0.9300000000000002,-0.040000000000000036,1.3788636363636368,2.308863636363637,-0.7600000000000002,0.19999999999999973,0,-1.0002439024390246,0
0.4800000000000004,0.5499999999999998,-1.0116009280742455,-0.5316009280742451,-1.4299999999999997,-0.8300000000000001,-0.4134557235421177,-1.8434557235421174,1
-0.06999999999999984,1.0500000000000003,0.28247978436657695,0.2124797843665771,0.4400000000000004,-0.6299999999999999,0.8573937153419591,1.2973937153419595,1
1.7199999999999998,-0.019999999999999574,0,0.5655555555555551,-1.69,0.9599999999999995,-1.17875,-2.86875,0
1.1099999999999994,-0.8199999999999994,1.6523376623376627,2.762337662337662,-0.2400000000000002,-1.1300000000000003,-1.213846153846153,-1.4538461538461531,1
0.5900000000000003,1.7699999999999996,0.7485714285714282,1.3385714285714285,-0.27999999999999936,-1.54,0,5.53,0
1.2200000000000002,1.3199999999999998,0.597649402390438,1.8176494023904382,2.16,1.27,-0.46369030390738075,1.6963096960926192,1
2.0600000000000005,0.2699999999999996,0.09717131474103602,2.1571713147410363,-0.16999999999999993,0.09000000000000075,1.3099999999999996,1.1399999999999997,1
-1.13,-0.07999999999999963,0.24451612903225772,-0.8854838709677422,0.5,-0.3899999999999997,0.15371522094926338,0.6537152209492634,1
1.27,0.41999999999999993,-0.14000000000000012,1.13,-0.5900000000000007,-0.7199999999999998,0.2571428571428571,-0.33285714285714363,0
-0.23000000000000043,-0.2599999999999998,-1.9658823529411764,-2.195882352941177,1.6099999999999999,0.2200000000000002,-1.212682926829268,0.39731707317073184,1
-2.29,-0.5800000000000001,0.2687459807073962,-2.021254019292604,2.5800000000000005,-1.4100000000000001,0.03906344410876139,2.619063444108762,1
0.8900000000000001,0.8499999999999996,0.19763572679509656,1.0876357267950967,0.7400000000000002,-0.5500000000000007,-0.0812195121951218,0.6587804878048784,1
-0.07000000000000028,-0.09999999999999964,1.5283769633507855,1.4583769633507853,0.31999999999999984,1.0700000000000003,0.07963302752293622,0.39963302752293606,1
0.3899999999999997,-0.04999999999999982,1.306774193548387,1.6967741935483867,-1.56,0.20999999999999996,0.28477321814254886,-1.2752267818574512,1
-0.050000000000000266,1.0499999999999998,-2.9757142857142846,-3.025714285714285,0.6699999999999999,-0.6299999999999999,-0.7384860557768924,-0.06848605577689248,1
1.0399999999999996,-0.040000000000000036,-0.6453846153846148,0.3946153846153848,1.38,0.9700000000000002,0.22277392510402216,1.602773925104022,0
0.7200000000000002,0.0699999999999994,-1.3799203187250995,-0.6599203187250993,-1.0899999999999999,-1.0100000000000002,-1.3657289002557542,-2.455728900255754,0
-4.829999999999999,0.0699999999999994,-0.8100000000000005,-5.64,-0.08999999999999986,-1.0100000000000002,-3.0555555555555554,-3.145555555555555,0
1.0699999999999998,-0.71,-2.2032851985559563,-1.1332851985559564,-0.3099999999999996,-1.2100000000000004,0.4617647058823531,0.15176470588235347,1
1.2000000000000002,1.62,0.4212408759124089,1.621240875912409,-2.04,-1.4000000000000004,-3.480408163265305,-5.520408163265305,0
-0.2600000000000007,0.0,-0.027826086956521223,-0.2878260869565219,2.71,-0.4500000000000002,-0.10656716417910417,2.603432835820896,0
0.8899999999999997,0.40000000000000036,0.26244813278008294,1.1524481327800826,1.4699999999999998,-0.7000000000000002,-4.329574468085107,-2.859574468085107,1
0.52,-0.2400000000000002,0.45843930635838204,0.978439306358382,1.1400000000000001,0.20999999999999996,0,-3.568064516129032,0
0.48,-0.56,-1.2554570637119116,-0.7754570637119116,-0.1299999999999999,-1.4100000000000001,-1.6536363636363633,-1.7836363636363632,1
-0.040000000000000036,0.9199999999999999,0.38903225806451625,0.3490322580645162,-1.0300000000000002,-0.6100000000000003,-0.7715384615384613,-1.8015384615384615,0
0.8699999999999992,-1.4299999999999997,0.3977018633540377,1.267701863354037,0.020000000000000018,1.2200000000000002,0.3832467532467536,0.40324675324675363,1
1.1500000000000004,0.17999999999999972,-0.5242231075697208,0.6257768924302796,2.92,-0.029999999999999805,-0.518955223880597,2.401044776119403,1
0.7999999999999998,0.5899999999999999,0.6272953736654805,1.4272953736654803,0.5300000000000002,-0.8700000000000001,-1.0563157894736843,-0.5263157894736841,1
1.69,1.1600000000000001,-1.7725991189427317,-0.08259911894273175,2.0,-0.7599999999999998,0.03968099861303731,2.0396809986130373,1
-0.09999999999999964,-0.07000000000000028,2.1136842105263156,2.013684210526316,1.15,0.9799999999999995,-0.7214893617021274,0.4285106382978725,1
-0.4900000000000002,-0.07000000000000028,0,-1.9785714285714286,1.9300000000000002,1.5599999999999996,0.1144345898004433,2.0444345898004435,0
0.2400000000000002,-0.6500000000000004,-0.828235294117647,-0.5882352941176467,0.8700000000000001,-0.52,1.5924660912453759,2.4624660912453757,1
1.1899999999999995,0.41999999999999993,0.9334260614934118,2.1234260614934115,0.15000000000000036,-0.7200000000000006,-0.4010559006211176,-0.25105590062111727,0
-1.7400000000000002,-1.25,-0.7000000000000002,-2.4400000000000004,1.4200000000000004,0.3700000000000001,-0.893913043478261,0.5260869565217394,0
0.8700000000000001,0.8899999999999997,-0.985348837209302,-0.11534883720930189,1.3500000000000005,-0.5800000000000001,1.4026223091976515,2.752622309197652,0
-1.2700000000000005,0.03000000000000025,1.503020527859238,0.23302052785923744,1.6,1.33,0,3.7,0
0.3799999999999999,-0.41999999999999993,-0.23324607329842895,0.14675392670157095,-1.6500000000000004,-1.3499999999999996,-0.9363576158940399,-2.5863576158940402,1
1.8800000000000003,-1.3900000000000006,-0.3860869565217393,1.493913043478261,-0.25,1.1899999999999995,-0.796814580031695,-1.046814580031695,0
-0.2400000000000002,0.1900000000000004,0.39150375939849624,0.15150375939849603,0.8500000000000001,0.27,-1.6888235294117644,-0.8388235294117643,1
1.6100000000000003,-0.04999999999999982,0.7605909797822705,2.370590979782271,-0.8600000000000003,-0.03000000000000025,1.4926366559485533,0.632636655948553,1
-2.83,-0.14000000000000057,-0.4527272727272722,-3.2827272727272723,1.0699999999999998,1.6100000000000003,-0.8965896980461809,0.1734103019538189,0
-0.8499999999999996,-0.6100000000000003,-1.2589655172413794,-2.108965517241379,-0.7700000000000005,-0.5499999999999998,-0.33701030927834985,-1.1070103092783503,0
1.3899999999999997,-0.8499999999999996,-0.18485981308411192,1.2051401869158878,1.6999999999999997,1.1900000000000004,-0.8517647058823528,0.848235294117647,0
0.4299999999999997,-1.04,-0.7033771106941842,-0.27337711069418447,-0.3899999999999997,-0.7800000000000002,0.1337974683544303,-0.2562025316455694,1
-0.5800000000000001,0.3700000000000001,0.2504740406320547,-0.3295259593679454,-1.4000000000000004,0.75,-1.1514502529510953,-2.5514502529510956,0
2.38,-0.3100000000000005,-0.10458221024258751,2.2754177897574124,-0.9999999999999996,0.9499999999999997,-1.061357466063348,-2.0613574660633476,1
0.9700000000000002,-1.2999999999999998,-0.6716820702402955,0.2983179297597047,-0.22999999999999998,0.4199999999999995,-1.0899999999999999,-1.3199999999999998,0
0.41000000000000014,-0.5099999999999998,0.59375,1.0037500000000001,2.75,-0.6399999999999997,-1.3432392273402667,1.4067607726597333,1
0.9800000000000004,0.8099999999999996,-0.05041095890410974,0.9295890410958907,0.3799999999999999,0.9200000000000004,0,-0.049850746268657264,1
1.9499999999999997,-0.03000000000000025,0.21142857142857152,2.161428571428571,-0.27,1.3599999999999999,-0.9718749999999998,-1.2418749999999998,0
0.2599999999999998,-0.39999999999999947,1.21184249628529,1.4718424962852898,-0.4299999999999997,-1.3399999999999999,-0.34865671641790996,-0.7786567164179097,1
2.25,-1.4500000000000002,-2.727142857142857,-0.47714285714285687,-1.2800000000000002,1.2599999999999998,0,-1.2390909090909092,0
1.79,0.20000000000000018,0,3.49,0.5699999999999998,0.25,0.42673316708229425,0.9967331670822941,0
1.2400000000000002,-0.040000000000000036,0.34633484162895956,1.5863348416289598,-0.33000000000000007,-0.040000000000000036,0.284597156398104,-0.04540284360189606,1
-4.859999999999999,-0.17999999999999972,0,-4.993105590062111,-0.08000000000000007,1.63,1.1452173913043482,1.0652173913043481,0
-1.5300000000000002,-0.6699999999999999,0.369787234042553,-1.1602127659574473,-1.1499999999999995,-0.4700000000000002,-1.868879668049792,-3.0188796680497916,1
0.8300000000000001,-0.9099999999999997,0.6117241379310343,1.4417241379310344,-0.21999999999999975,1.25,-0.027341772151898702,-0.24734177215189845,1
0.09000000000000075,-0.040000000000000036,0.6675388026607534,0.7575388026607541,1.23,-0.040000000000000036,-0.4521678321678322,0.7778321678321678,0
0.48999999999999977,0.35000000000000053,-0.08262773722627692,0.40737226277372285,-0.5599999999999996,0.7599999999999998,-0.06538071065989826,-0.6253807106598979,1
0.35999999999999943,-0.29000000000000004,-0.546835443037974,-0.1868354430379746,1.2000000000000002,0.9300000000000002,-0.1430815709969786,1.0569184290030216,1
-3.0700000000000003,-1.3399999999999994,0,0.8539560439560434,-0.6000000000000001,0.48999999999999977,0.4019264448336255,-0.1980735551663746,0
-0.4499999999999993,-0.4900000000000002,0.4139356814701376,-0.036064318529861694,-0.3600000000000003,-0.6499999999999995,0.030714285714285694,-0.3292857142857146,0
0.010000000000000675,0.9199999999999999,0.1348648648648645,0.14486486486486516,-0.03000000000000025,0.79,0.5466929133858267,0.5166929133858265,1
2.14,-0.08000000000000007,-1.4282758620689653,0.7117241379310348,0.4500000000000002,1.3999999999999995,0.3727621483375958,0.822762148337596,0
1.4,-0.34999999999999964,0.409337016574586,1.809337016574586,-1.1000000000000005,-1.3599999999999994,0.9033333333333333,-0.1966666666666672,1
2.5599999999999996,-1.4499999999999993,-0.9923981900452485,1.567601809954751,0.77,1.2600000000000002,0.20138166894664833,0.9713816689466483,0
0.7400000000000002,0.17999999999999972,0.10363636363636441,0.8436363636363646,2.17,0.26000000000000023,0.326086956521739,2.496086956521739,1
1.8500000000000005,-0.03000000000000025,-0.16301204819277082,1.6869879518072297,0.2200000000000002,-0.040000000000000036,-1.0420264317180625,-0.8220264317180623,1
0.3799999999999999,-0.1900000000000004,-2.584214876033058,-2.204214876033058,0.33000000000000007,1.6199999999999997,-0.30472703062583273,0.025272969374167342,0
1.3600000000000003,-0.6600000000000001,1.2577952755905515,2.617795275590552,-1.9500000000000002,-0.47999999999999954,-1.3733783783783782,-3.3233783783783784,1
-3.2700000000000005,-0.8300000000000001,0,-3.4078723404255333,-0.009999999999999787,1.1600000000000001,0.4103022339027591,0.4003022339027593,1
-1.58,-0.9399999999999995,0.9737974683544302,-0.6062025316455699,-0.08999999999999986,-0.8399999999999999,0.8355905511811024,0.7455905511811025,0
1.54,-0.10000000000000053,-1.8969620253164559,-0.3569620253164558,1.15,0.029999999999999805,-1.7430116472545754,-0.5930116472545754,0
3.18,-0.10000000000000053,0,-32.61818181818181,2.18,0.029999999999999805,-2.644516129032258,-0.4645161290322579,1
1.0900000000000003,0.35999999999999943,-0.00122448979591816,1.0887755102040821,0.0,0.7400000000000002,-1.1345161290322583,-1.1345161290322583,0
0.3100000000000005,-0.27000000000000046,0.7329151291512916,1.0429151291512921,-1.6400000000000001,0.8900000000000001,-1.17875,-2.81875,0
0.13999999999999968,-1.4399999999999995,-2.186090225563909,-2.0460902255639093,1.71,0.5800000000000001,0.13226415094339616,1.8422641509433961,1
0.7099999999999995,-0.54,-0.14167512690355322,0.5683248730964463,-0.4399999999999995,-0.5900000000000007,-0.1796503496503492,-0.6196503496503487,1
0.8299999999999996,0.9500000000000002,-0.048260869565217135,0.7817391304347825,-0.40000000000000036,0.75,0.6642105263157903,0.2642105263157899,0
3.31,-0.33999999999999986,-8.627142857142857,-5.317142857142858,0.33999999999999986,0.7400000000000002,-1.585,-1.245,0
-0.1299999999999999,-0.0600000000000005,0.2365154264972782,0.1065154264972783,-1.1900000000000004,-0.3799999999999999,0.3021951219512191,-0.8878048780487813,0
-0.23000000000000043,-0.9799999999999995,0.7176478318002628,0.4876478318002624,-0.02999999999999936,-0.010000000000000675,-0.030629921259842874,-0.060629921259842234,0
1.58,0.23999999999999977,-0.5465671641791041,1.033432835820896,1.2999999999999998,1.4499999999999997,-0.1045454545454545,1.1954545454545453,1
-0.41000000000000014,-0.7799999999999994,-1.3484984025559115,-1.7584984025559116,0.10999999999999988,1.1300000000000003,-1.9618353344768442,-1.8518353344768443,1
-1.1900000000000004,0.06000000000000005,0,-1.3150549450549454,1.9899999999999998,0.5500000000000003,-0.2966666666666664,1.6933333333333334,1
-0.8200000000000003,-1.4,-1.078971962616822,-1.8989719626168222,0.34999999999999964,0.1900000000000004,0.8201562500000001,1.1701562499999998,1
1.9800000000000002,1.2800000000000002,-1.0786206896551722,0.901379310344828,0.6200000000000001,-0.48,-0.8463636363636367,-0.22636363636363654,0
0.34999999999999964,0.7800000000000002,-0.6103448275862062,-0.2603448275862066,-3.9000000000000004,-0.20000000000000018,-2.23320754716981,-6.13320754716981,1
1.2700000000000005,-0.6200000000000001,-1.7218181818181817,-0.45181818181818123,1.6799999999999997,-0.8099999999999996,-2.354516129032258,-0.6745161290322583,0
1.69,-0.34999999999999964,-1.6354570637119115,0.054542936288088484,0.96,0.75,0.5933084947839045,1.5533084947839044,1
0.96,-1.4699999999999998,-0.9144155844155835,0.045584415584416504,1.0500000000000003,-0.6300000000000008,-1.2570588235294111,-0.20705882352941085,1
-1.2800000000000002,-0.16999999999999993,0.9387821612349923,-0.341217838765008,0.14999999999999947,-0.2599999999999998,-0.3814285714285708,-0.23142857142857132,0
1.7799999999999998,1.62,0.10706333973128634,1.8870633397312861,1.08,0.33000000000000007,0.33877216916780384,1.418772169167804,1
0.1200000000000001,-1.0100000000000007,-1.2407692307692306,-1.1207692307692305,-0.20999999999999996,0.03000000000000025,2.661573896353167,2.451573896353167,1
0.75,0.2599999999999998,-0.4049999999999998,0.3450000000000002,0.8599999999999999,1.4100000000000001,-0.38354838709677397,0.4764516129032259,1
1.9,-0.7299999999999995,0.1022784810126578,2.0022784810126577,1.5299999999999998,1.0900000000000003,-2.330460829493088,-0.8004608294930882,0
-0.3700000000000001,-1.27,0.568163265306123,0.19816326530612294,1.23,0.07000000000000028,-0.19166666666666643,1.0383333333333336,1
1.0300000000000002,0.96,-1.37,-0.33999999999999986,0.2900000000000005,-0.13000000000000078,0.3143426294820717,0.6043426294820722,1
-1.2400000000000002,-0.5,-1.8828032345013472,-3.1228032345013474,-1.1899999999999995,-0.1299999999999999,0.9299999999999997,-0.2599999999999998,0
-0.31999999999999984,1.2399999999999998,-0.165497896213183,-0.48549789621318284,0.9100000000000001,-0.4600000000000004,0.49384122919334184,1.403841229193342,0
0.3700000000000001,-0.6600000000000001,-1.1302040816326535,-0.7602040816326534,-1.3499999999999996,-0.75,-2.990526315789473,-4.3405263157894725,1
-0.14000000000000057,-0.3199999999999994,-0.7439114391143908,-0.8839114391143914,-1.04,0.71,-1.4233179723502296,-2.4633179723502296,1
-1.87,-1.3199999999999994,0.2566666666666668,-1.6133333333333333,0.6499999999999999,0.8600000000000003,-0.6417251051893413,0.008274894810658573,0
-0.4299999999999997,-0.22999999999999954,0.09844720496894421,-0.3315527950310555,2.6000000000000005,-0.1900000000000004,-0.5040540540540541,2.0959459459459464,1
0.8500000000000001,1.63,0.44538922155688665,1.2953892215568867,1.04,0.2999999999999998,-0.06602272727272718,0.9739772727272729,1
0.3799999999999999,-0.9900000000000002,0.2400000000000002,0.6200000000000001,1.6199999999999997,0.03000000000000025,0.6830105900151282,2.303010590015128,0
1.7000000000000002,-0.7600000000000007,-0.4232227488151654,1.2767772511848348,1.85,1.1100000000000003,-0.8667924528301887,0.9832075471698114,0
2.6500000000000004,0.08999999999999986,-2.4082089552238806,0.24179104477611935,1.4499999999999997,0.52,-0.6482524271844659,0.8017475728155339,1
-7.65,0.08999999999999986,0,-7.65,-0.8300000000000005,0.52,-0.9349999999999996,-1.7650000000000001,0
-1.5199999999999996,-1.2300000000000004,-1.6738842975206616,-3.193884297520661,0.1299999999999999,0.0600000000000005,0.24474226804123766,0.37474226804123756,0
-0.8999999999999995,0.9900000000000002,-0.6609944751381214,-1.5609944751381208,-1.3299999999999992,-0.17000000000000082,0.8655141579731733,-0.46448584202682586,0
1.5399999999999996,-0.6200000000000001,0.6938121546961327,2.2338121546961323,-0.2999999999999998,0.0,-1.154450261780104,-1.4544502617801038,0
-0.18000000000000016,1.21,-1.9755804480651729,-2.155580448065173,-0.7399999999999993,-0.43000000000000016,0.2457401812688822,-0.49425981873111713,1
-1.17,0.79,1.7761290322580643,0.6061290322580644,-1.6399999999999997,-0.20999999999999996,-1.522702702702703,-3.1627027027027026,1
2.2199999999999998,0.79,-4.754365482233503,-2.534365482233503,-3.6800000000000006,-0.20999999999999996,-1.077520661157024,-4.757520661157025,1
2.78,-0.5999999999999996,-1.0969230769230767,1.6830769230769231,1.38,-0.7999999999999998,-0.21963350785340285,1.160366492146597,0
0.33000000000000007,-1.4000000000000004,-2.307251908396947,-1.9772519083969469,-0.5799999999999992,-0.6500000000000004,0.4322807017543848,-0.14771929824561436,0
-0.08000000000000007,-0.16999999999999993,0.12102564102564184,0.04102564102564177,0.5600000000000005,-0.25,0.1552365930599371,0.7152365930599376,0
0.4300000000000006,-0.33000000000000007,1.3053543307086612,1.7353543307086619,2.52,-1.0200000000000005,-0.8385382059800661,1.681461794019934,1
1.0099999999999998,1.6199999999999997,0.014776119402985177,1.024776119402985,-0.45999999999999996,0.28000000000000025,0.687401812688822,0.22740181268882198,0
0.7600000000000002,0.2899999999999996,-1.4302439024390239,-0.6702439024390237,-0.10000000000000009,1.3399999999999999,-2.4048337595907925,-2.5048337595907926,0
-0.1200000000000001,0.56,-1.4538356164383557,-1.5738356164383558,1.2300000000000004,0.05999999999999961,-0.4481250000000001,0.7818750000000003,1
-0.6799999999999997,-0.8100000000000005,-0.9904195804195801,-1.6704195804195798,0.5600000000000005,-0.7700000000000005,0.9595890410958905,1.519589041095891,1
1.1400000000000001,0.8600000000000003,-0.717983367983368,0.4220166320166321,2.14,-0.04999999999999982,0.3786885245901641,2.5186885245901642,1
0.6200000000000001,-0.6200000000000001,1.0142857142857138,1.634285714285714,0.03000000000000025,0.009999999999999787,-0.1848387096774191,-0.15483870967741886,1
-0.5,-1.3899999999999997,-0.12035087719298243,-0.6203508771929824,-0.6400000000000006,1.1500000000000004,0.5094117647058831,-0.13058823529411745,0
-0.4900000000000002,0.6900000000000004,-0.6302040816326526,-1.1202040816326528,0.13999999999999968,-0.15999999999999925,-1.5389610389610384,-1.3989610389610387,1
0.6100000000000003,-0.2600000000000007,0.918948787061995,1.5289487870619953,0.16999999999999993,-0.4700000000000002,-2.26,-2.09,1
-1.8200000000000003,-0.29000000000000004,0.9188349514563106,-0.9011650485436897,-1.25,-1.04,1.2982568807339447,0.04825688073394474,1
0.25,1.5999999999999996,-0.2705882352941176,-0.020588235294117574,2.91,-0.040000000000000036,0,-20.881967213114756,0
1.4900000000000002,0.23999999999999977,-0.0642857142857145,1.4257142857142857,0.6200000000000001,0.1899999999999995,-0.5764048338368575,0.04359516616314263,0
-0.30000000000000027,0.5699999999999998,-0.7761646234675998,-1.0761646234676001,1.8000000000000003,0.040000000000000036,-0.3481346423562406,1.4518653576437597,0
0.34999999999999964,-0.7800000000000002,0.24875000000000025,0.5987499999999999,-3.0300000000000002,-0.7800000000000002,0,-3.0311764705882354,1
1.17,0.040000000000000036,-0.6238297872340426,0.5461702127659573,0.7599999999999998,-1.3499999999999996,-0.9610204081632654,-0.2010204081632656,1
-1.1500000000000004,-0.5700000000000003,1.146409495548962,-0.0035905044510382567,0.6400000000000006,-0.2999999999999998,-1.5270801815431172,-0.8870801815431166,1
-0.16999999999999993,1.23,0.23096774193548386,0.06096774193548393,1.81,-0.05999999999999961,-1.7305263157894735,0.07947368421052659,1
-0.16999999999999993,0.9000000000000004,0.022956120092378463,-0.14704387990762147,1.5699999999999994,0.9400000000000004,0.40833333333333366,1.978333333333333,1
-0.22000000000000064,-0.6099999999999994,1.5837735849056607,1.36377358490566,0.5699999999999998,0.2999999999999998,0.1990041493775938,0.7690041493775936,1
-1.5600000000000005,-1.5099999999999998,0.8266666666666671,-0.7333333333333334,-0.40000000000000036,1.2700000000000005,-1.0014010507880906,-1.401401050788091,0
0.49999999999999956,0.7600000000000007,-0.5002439024390246,-0.0002439024390250566,-0.8899999999999997,-0.21999999999999975,0.8797202797202797,-0.010279720279720017,0
0.16999999999999993,-0.20000000000000018,0.7698595943837754,0.9398595943837753,1.0799999999999996,-0.5099999999999998,-0.22930294906166182,0.8506970509383378,0
0.3199999999999994,-0.27999999999999936,-2.466666666666667,-2.1466666666666674,-0.2600000000000007,-1.0299999999999994,0.44038585209003234,0.18038585209003166,1
0.31999999999999984,1.5200000000000005,0.4171883289124674,0.7371883289124672,1.2400000000000002,0.009999999999999787,-1.926852207293666,-0.6868522072936658,0
1.21,1.3199999999999994,0.6150000000000002,1.8250000000000002,2.12,-1.4000000000000004,-0.0625048923679059,2.057495107632094,1
1.5399999999999996,0.17000000000000037,-1.4385365853658532,0.10146341463414643,-0.17999999999999972,0.23999999999999932,-0.4786623164763455,-0.6586623164763452,0
1.56,0.54,-0.1750632911392409,1.3849367088607591,0.13999999999999968,0.05000000000000071,0.1786372360844526,0.31863723608445227,0
0.4900000000000002,-0.7400000000000002,-0.08150684931506902,0.4084931506849312,2.3100000000000005,-0.8000000000000007,0,4.9,1
1.02,0.13999999999999968,-0.07515923566878957,0.9448407643312104,0.5500000000000007,-1.4300000000000006,0.5896161228406909,1.1396161228406916,0
-0.1499999999999999,0.13999999999999968,0,-0.20978723404255328,4.94,-1.4300000000000006,0,4.94,1
0.8399999999999999,0.8800000000000003,-0.2886206896551724,0.5513793103448275,1.3200000000000003,-0.6000000000000005,-0.005505617977528576,1.3144943820224717,0
0.8500000000000005,-0.5200000000000005,0.8124481327800828,1.6624481327800833,1.4,-0.33999999999999986,0.6184745762711863,2.018474576271186,1
0.8400000000000003,1.2399999999999998,0.3918134715025907,1.231813471502591,-1.04,-0.08000000000000007,1.450283159463487,0.41028315946348703,1
-0.3599999999999999,0.9499999999999997,1.001721068249258,0.6417210682492582,0.25,0.8500000000000005,1.412941176470588,1.662941176470588,1
-0.4399999999999995,-0.5900000000000007,0.449187817258883,0.009187817258883513,1.2800000000000002,0.28000000000000025,-0.682504892367906,0.5974951076320942,0
4.13,-1.5499999999999998,0,3.83,-0.33999999999999986,1.2999999999999998,-1.1027184466019415,-1.4427184466019414,0
1.06,1.5,-0.7985365853658535,0.2614634146341466,-0.9500000000000002,0.03000000000000025,0.5499999999999998,-0.40000000000000036,1
1.56,1.54,-1.2674834437086098,0.2925165562913903,1.1600000000000001,-1.62,0.39710144927536195,1.557101449275362,1
0.8300000000000001,0.16000000000000014,-3.0334513274336277,-2.2034513274336276,1.2100000000000004,0.25,0.11824902723735464,1.328249027237355,1
1.69,0.5300000000000002,-1.0556802244039272,0.6343197755960728,-0.019999999999999574,0.05999999999999961,2.4131957390146463,2.3931957390146468,0
1.9700000000000002,-0.6799999999999997,0.2082490272373536,2.178249027237354,2.8000000000000003,-0.8400000000000007,-2.7147717842323646,0.08522821576763562,1
0.7799999999999998,0.8399999999999999,-1.610225080385852,-0.8302250803858522,0.9200000000000004,-0.5600000000000005,-0.979614147909968,-0.05961414790996766,0
1.2199999999999998,-0.4899999999999993,-1.644271844660194,-0.4242718446601943,2.8600000000000003,-0.3700000000000001,-6.09774193548387,-3.2377419354838697,0
1.9400000000000002,1.3000000000000003,-1.7421428571428572,0.19785714285714295,-0.16999999999999993,-0.14000000000000057,0.9749064449064453,0.8049064449064454,1
0.31000000000000005,0.9699999999999998,-0.83207171314741,-0.52207171314741,0.9499999999999997,0.8200000000000003,0.3262921348314607,1.2762921348314604,0
1.3099999999999996,-0.6299999999999999,-1.4413043478260867,-0.13130434782608713,0.71,0.3200000000000003,-0.2316184971098263,0.47838150289017367,0
-0.20000000000000018,-0.29000000000000004,0.4030414746543771,0.20304147465437694,1.12,-0.5499999999999998,0.9013043478260867,2.021304347826087,0
0.03999999999999915,-1.63,2.113928571428572,2.153928571428571,0.6999999999999997,-0.2699999999999996,0.7417362045760436,1.4417362045760433,0
0.8699999999999997,0.20999999999999996,0.6483102493074795,1.5183102493074792,-0.9300000000000002,0.9499999999999997,0.7241266794625725,-0.20587332053742768,0
-0.30000000000000027,1.31,-1.149740259740259,-1.4497402597402593,1.02,1.4900000000000002,0.3350795947901588,1.3550795947901588,0
1.06,0.08999999999999986,-0.8199999999999998,0.2400000000000002,0.03999999999999959,0.5000000000000004,-0.3099999999999996,-0.27,0
-0.7000000000000002,-0.5199999999999996,0.30935794542536055,-0.39064205457463963,0.029999999999999805,1.5600000000000005,-0.2369230769230768,-0.206923076923077,0
2.6700000000000004,-1.1100000000000003,-0.7930769230769235,1.876923076923077,-1.9000000000000004,-1.5499999999999998,-0.5063576158940402,-2.4063576158940405,1
-0.009999999999999787,0.009999999999999787,-0.04560747663551368,-0.055607476635513464,-1.0499999999999998,0.6299999999999999,0.7616918429003015,-0.28830815709969837,0
0.8999999999999999,0.33999999999999986,1.087196261682243,1.987196261682243,-3.8999999999999995,-0.17999999999999972,-0.09080568720379212,-3.9908056872037916,1
-0.7300000000000004,-0.09999999999999964,0.6717391304347835,-0.05826086956521692,0.69,0.1900000000000004,0.9969767441860466,1.6869767441860466,1
0.79,-0.09999999999999964,-0.25946587537091936,0.5305341246290807,-0.5400000000000005,0.1900000000000004,-0.6615498154981543,-1.2015498154981548,0
0.16999999999999993,-1.3600000000000003,-0.05060046189376344,0.11939953810623649,0.9100000000000001,0.09999999999999964,-0.24412915851271988,0.6658708414872803,1
0.8399999999999999,-0.43999999999999995,0.5050985545335083,1.3450985545335081,0.020000000000000018,1.31,-0.5887499999999992,-0.5687499999999992,0
1.1500000000000004,0.8199999999999994,-0.5063636363636359,0.6436363636363645,-0.10000000000000053,-0.6600000000000001,0.5496551724137939,0.4496551724137934,1
-0.2400000000000002,-0.16999999999999993,-0.32525423728813596,-0.5652542372881362,-1.58,0.7999999999999998,-4.093684210526315,-5.673684210526315,0
0.96,-0.3000000000000007,-0.7253571428571419,0.23464285714285804,1.15,-0.5300000000000002,-2.0991190864600333,-0.9491190864600334,1
1.5899999999999999,-1.6499999999999995,-0.1708360128617361,1.4191639871382637,-0.23000000000000043,-0.21999999999999975,-0.506163141993957,-0.7361631419939574,0
-0.17999999999999972,0.20000000000000018,0.3551612903225809,0.1751612903225812,0.7100000000000004,0.94,0.12567164179104484,0.8356716417910452,1
-0.3100000000000005,1.2400000000000002,-0.6155068078668684,-0.9255068078668689,0.31000000000000005,1.5499999999999998,0.9234328358208952,1.2334328358208952,1
0.15999999999999925,0.040000000000000036,2.1943383356070942,2.3543383356070935,1.75,0.5399999999999996,-1.056883116883117,0.693116883116883,0
-0.6100000000000003,-0.5899999999999999,-0.37616438356164306,-0.9861643835616434,1.31,1.6100000000000003,-1.1303047091412743,0.1796952908587257,0
0.71,-0.8699999999999992,0.13781456953642301,0.847814569536423,0.71,-0.6399999999999997,0.8028571428571429,1.512857142857143,1
0.6500000000000004,-1.0300000000000002,0.8751401869158877,1.525140186915888,-0.27000000000000046,-1.6099999999999994,-1.0981927710843369,-1.3681927710843373,0
1.4599999999999995,-0.02999999999999936,-1.1366894664842682,0.32331053351573136,0.7599999999999998,0.6699999999999999,0.4085549132947981,1.1685549132947979,1
-0.3200000000000003,0.35000000000000053,0.5506518010291597,0.2306518010291594,0.3199999999999994,-0.20000000000000018,-2.5741237113402056,-2.254123711340206,0
-0.6799999999999997,-0.15000000000000036,-0.6608303249097469,-1.3408303249097466,1.5,0.22999999999999998,0.0,1.5,1
-1.1899999999999995,-1.3100000000000005,-1.0634020618556699,-2.2534020618556694,0.16000000000000014,0.06999999999999984,0.10377358490566024,0.2637735849056604,1
1.3400000000000003,-0.4900000000000002,0.972232779097387,2.3122327790973873,0.9499999999999997,1.3500000000000005,0.11589743589743629,1.065897435897436,1
-0.8300000000000001,-0.35000000000000053,1.3623733719247468,0.5323733719247468,-1.1500000000000004,0.9699999999999998,-0.36135135135135155,-1.511351351351352,0
1.4799999999999995,-0.25,0.6572953736654807,2.1372953736654803,1.17,-0.5800000000000001,1.2076744186046509,2.377674418604651,0
1.2800000000000002,-1.6500000000000004,0.764347826086957,2.044347826086957,0.03000000000000025,-0.1900000000000004,0.7810429447852765,0.8110429447852767,1
0.0,0.2999999999999998,0.8871856287425155,0.8871856287425155,0.27999999999999936,0.8400000000000007,0.34120845921450194,0.6212084592145013,0
1.5,1.3199999999999998,-0.4872972972972973,1.0127027027027027,1.0100000000000002,1.4299999999999997,-0.2535329341317363,0.756467065868264,1
1.65,0.0,0.20492537313432857,1.8549253731343285,1.4500000000000002,0.5699999999999998,-0.04875912408759131,1.4012408759124089,0
1.1400000000000001,-0.6500000000000004,-0.347647058823529,0.7923529411764711,0.43000000000000016,1.6600000000000001,-2.64467362924282,-2.21467362924282,1
2.88,-0.8300000000000001,-2.326779661016949,0.553220338983051,-0.5800000000000001,-0.6500000000000004,-0.7176470588235286,-1.2976470588235287,1
0.21999999999999975,-1.0600000000000005,0,-2.5777777777777775,-2.04,-1.5499999999999998,0.9454361054766736,-1.0945638945233265,0
-0.79,-0.010000000000000675,0.8872611464968161,0.09726114649681605,0.3700000000000001,0.6299999999999999,-2.239069767441861,-1.8690697674418608,1
0.7900000000000005,0.33999999999999986,0.03409836065573746,0.8240983606557379,0.20999999999999996,-0.17999999999999972,1.0372727272727267,1.2472727272727266,0
2.38,-0.14999999999999947,0.5974384236453201,2.97743842364532,-1.8299999999999996,0.22999999999999998,1.274285714285714,-0.5557142857142856,1
0.41000000000000014,-1.27,-1.0402040816326528,-0.6302040816326526,1.2200000000000002,0.03999999999999959,-0.9615384615384617,0.2584615384615385,0
-0.3700000000000001,-0.45999999999999996,0.1425954198473285,-0.22740458015267162,-0.5200000000000005,1.2999999999999998,-0.01549789621318265,-0.5354978962131831,1
0.69,0.9100000000000001,-1.0259872611464966,-0.3359872611464967,1.1199999999999997,-0.7299999999999995,-0.3732054176072235,0.7467945823927762,1
-0.46999999999999975,0.9100000000000001,0.01850746268656689,-0.45149253731343286,-0.3000000000000007,-0.7299999999999995,-0.7193838862559234,-1.0193838862559241,1
1.9399999999999995,-0.3799999999999999,-0.6832392273402665,1.256760772659733,0.9099999999999997,1.0,-2.2424137931034482,-1.3324137931034485,1
1.1900000000000004,-1.62,-1.4418731117824768,-0.2518731117824764,-0.6899999999999995,-1.2700000000000005,-0.6449397590361441,-1.3349397590361436,1
1.78,1.35,-0.8600000000000001,0.9199999999999999,-3.3200000000000003,-0.7199999999999998,0,-5.460000000000001,0
0.5800000000000001,-0.08999999999999986,-0.42321695760598477,0.1567830423940153,-1.2299999999999995,0.05999999999999961,-1.4158093126385811,-2.6458093126385807,0
1.3100000000000005,-0.7400000000000002,-0.5604854368932042,0.7495145631067963,2.58,-0.8799999999999999,-1.8598559077809798,0.7201440922190203,1
0.40000000000000036,1.37,-0.5339892183288413,-0.13398921832884092,-2.9299999999999997,-0.16000000000000014,-2.167628865979381,-5.097628865979381,1
1.5500000000000003,1.6400000000000001,-0.6737383177570093,0.876261682242991,1.88,1.2799999999999998,-0.8377603423680458,1.0422396576319541,0
0.4200000000000004,0.3199999999999994,-0.05786516853932566,0.3621348314606747,1.71,-0.28000000000000025,-1.2382608695652166,0.4717391304347833,1
-0.2400000000000002,-0.45999999999999996,0,1.38,-0.41999999999999993,-0.21999999999999975,0.26035398230088536,-0.15964601769911457,1
-0.2699999999999996,0.8499999999999996,0.7153627311522053,0.4453627311522057,3.8599999999999994,-1.4799999999999995,0,3.6219780219780215,0
-0.17999999999999972,1.0499999999999998,0.018807947019867655,-0.16119205298013206,0.16000000000000014,0.54,-1.6581881533101042,-1.498188153310104,0
-0.8899999999999997,-0.39000000000000057,-0.6003508771929829,-1.4903508771929825,-0.4100000000000006,0.18000000000000016,-1.9463636363636363,-2.356363636363637,1
3.1500000000000004,-1.5900000000000007,-0.022277580071174086,3.1277224199288263,0.54,-1.2699999999999996,-0.4007331378299126,0.13926686217008744,1
-0.4900000000000002,1.33,0.30740181268882205,-0.18259818731117816,-0.15000000000000036,-0.71,-0.024452554744525123,-0.17445255474452548,1
2.1800000000000006,-0.13000000000000078,-0.19132947976878611,1.9886705202312145,-4.0600000000000005,0.10000000000000009,0,-4.055,1
1.54,-0.6299999999999999,1.2523529411764707,2.7923529411764707,-1.21,-0.54,0.1915124153498864,-1.0184875846501136,0
0.4899999999999993,-0.5899999999999999,0.2273469387755105,0.7173469387755098,0.75,-1.0199999999999996,0.6467990074441681,1.396799007444168,1
0.9199999999999999,1.3699999999999997,0.06767263427110004,0.9876726342711,-0.9899999999999993,-0.16000000000000014,0.40377483443708595,-0.5862251655629134,1
-0.56,0.6499999999999999,-0.829235668789809,-1.389235668789809,-0.46999999999999975,-1.1000000000000005,1.2498090040927696,0.7798090040927699,0
-0.6399999999999997,0.07000000000000028,-2.92872521246459,-3.5687252124645896,0.09999999999999964,-0.08999999999999986,-0.04317073170731689,0.056829268292682755,1
1.1400000000000001,0.34999999999999964,-0.07356828193832587,1.0664317180616742,2.8899999999999997,-0.2999999999999998,-7.45025974025974,-4.56025974025974,1
-0.7299999999999995,-0.3900000000000001,-0.0802127659574472,-0.8102127659574467,-1.0499999999999998,-0.2699999999999996,0.18652495378927902,-0.8634750462107208,0
0.0,0.79,-0.7015527950310556,-0.7015527950310556,3.27,-1.4100000000000001,-1.0487671232876714,2.2212328767123286,1
1.2800000000000002,-0.20000000000000018,-0.8560465116279063,0.4239534883720939,1.63,-0.009999999999999787,-1.023333333333333,0.6066666666666669,1
0.34000000000000075,-1.5100000000000007,1.1920268256333824,1.532026825633383,1.58,-1.3199999999999998,0,1.585,1
1.0199999999999996,0.28000000000000025,0,1.9347887323943658,-1.62,0.9799999999999995,-1.1851918158567774,-2.8051918158567775,0
-0.8700000000000001,0.28000000000000025,0.14769230769230735,-0.7223076923076928,-1.04,0.9799999999999995,0,-1.755,0
-0.38000000000000034,1.3599999999999999,-2.2567796610169486,-2.636779661016949,1.2299999999999995,-0.75,-1.0990032154340827,0.1309967845659168,0
0.34999999999999964,-0.1200000000000001,-1.1103389830508466,-0.7603389830508469,1.04,0.08000000000000007,-0.8270212765957448,0.21297872340425528,0
-2.1400000000000006,-0.5499999999999998,-0.004545454545453964,-2.1445454545454545,-0.2400000000000002,-1.04,0.6060324825986081,0.3660324825986079,1
1.1700000000000004,1.4199999999999995,-1.1705882352941175,-0.0005882352941171121,-3.33,-0.23000000000000043,0.33588424437299125,-2.994115755627009,0
-0.03999999999999959,1.5699999999999994,-0.9193670886075949,-0.9593670886075945,0.10000000000000009,1.2899999999999996,-0.13704280155642,-0.037042801556419924,0
-0.050000000000000266,0.6200000000000006,-0.4082271468144043,-0.4582271468144046,-0.8099999999999996,-1.0499999999999998,-0.7982926829268289,-1.6082926829268285,0
0.6799999999999997,-0.39999999999999947,0.39032786885245896,1.0703278688524587,0.8199999999999998,-0.25,1.3760638297872338,2.1960638297872337,1
1.3199999999999998,0.9500000000000002,-0.1266037735849057,1.1933962264150941,-0.45999999999999996,0.6299999999999999,-1.8321602787456444,-2.2921602787456443,0
-0.7200000000000006,-0.16999999999999993,1.2206211180124233,0.5006211180124227,-0.54,-0.040000000000000036,0,-1.665,0
1.0700000000000003,0.6499999999999995,1.6977570093457943,2.767757009345795,-0.08999999999999986,0.10000000000000053,-0.24396313364055366,-0.3339631336405535,1
0.4800000000000004,-0.22000000000000064,-0.6744094488188974,-0.194409448818897,-0.8300000000000001,0.8499999999999996,0,-1.7835294117647056,0
0.3799999999999999,-0.5200000000000005,-1.1479452054794521,-0.7679452054794522,-0.96,-1.0500000000000003,-2.3735820895522384,-3.3335820895522383,1
1.37,1.54,0.4266801619433198,1.79668016194332,0.8400000000000003,1.2999999999999998,-1.639642857142857,-0.7996428571428567,0
0.5899999999999999,-0.6899999999999995,0.36723793677204686,0.9572379367720467,-0.3699999999999992,-0.3600000000000003,0.221016949152542,-0.14898305084745722,0
-0.5899999999999999,-0.1200000000000001,-0.5708955223880592,-1.160895522388059,0.77,0.2599999999999998,0.8350151057401813,1.6050151057401814,0
1.3299999999999996,-0.54,0.8890625000000001,2.2190624999999997,0.7200000000000002,0.40000000000000036,0.3210958904109589,1.041095890410959,0
1.4900000000000002,-0.38000000000000034,1.3478012684989429,2.837801268498943,-0.1299999999999999,-0.2599999999999998,-0.25913793103448235,-0.38913793103448224,1
-0.45999999999999996,-1.4500000000000002,-0.8103937007874009,-1.2703937007874009,-1.08,-0.1900000000000004,0.5604594180704439,-0.5195405819295562,1
-0.75,0.6599999999999993,1.253348416289593,0.5033484162895929,1.46,0.10000000000000053,-0.4479753761969909,1.012024623803009,1
0.09000000000000075,-0.2600000000000007,0.4495184590690209,0.5395184590690216,1.81,-1.4799999999999995,-0.4865909090909093,1.3234090909090908,1
1.0500000000000003,-0.1900000000000004,-0.9817174959871591,0.0682825040128412,0.03000000000000025,-0.36999999999999966,-0.17877805486284348,-0.14877805486284323,1
0.33999999999999986,-0.22000000000000064,0.559426751592357,0.8994267515923569,0.10999999999999988,0.8499999999999996,-0.9161538461538457,-0.8061538461538458,0
-0.10999999999999988,1.3900000000000001,-0.23384341637010664,-0.3438434163701065,0.9100000000000001,-1.0599999999999996,-0.1587500000000004,0.7512499999999998,1
0.10999999999999943,-1.0099999999999998,-2.161283292978209,-2.0512832929782094,3.1500000000000004,-0.5,-1.36,1.79,1
0.6399999999999997,1.5,-1.7852132701421795,-1.1452132701421798,-1.08,-0.6200000000000001,-0.7285069984447903,-1.8085069984447903,0
1.99,-0.029999999999999805,0.0014285714285713347,1.9914285714285713,0.69,0.9799999999999995,-1.1052830188679237,-0.41528301886792374,0
1.4099999999999997,0.5800000000000001,-0.01875912408759106,1.3912408759124086,-0.10000000000000009,1.29,0.050712830957230004,-0.049287169042770085,1
-0.8700000000000001,-0.6900000000000004,0.8021739130434788,-0.06782608695652126,1.2000000000000002,-0.35000000000000053,-1.6282352941176468,-0.4282352941176466,1
1.15,0.17000000000000037,0.004999999999999893,1.1549999999999998,-0.14999999999999947,0.8999999999999995,0.35145015105740196,0.2014501510574025,1
2.2399999999999998,-0.16000000000000014,0.4054255319148936,2.6454255319148934,0.13999999999999968,0.3200000000000003,0.47759455370650494,0.6175945537065046,1
0.75,-0.5700000000000003,0.6257101024890197,1.3757101024890197,-0.3599999999999999,0.43000000000000016,0.6364295485636111,0.27642954856361124,1
-0.3999999999999999,1.31,0.4752567975830817,0.07525679758308179,0.6600000000000001,-1.3199999999999998,1.135726141078838,1.795726141078838,0
-1.5999999999999996,-1.38,-0.3423247232472324,-1.942324723247232,-0.40000000000000036,-0.2400000000000002,-0.30411764705882316,-0.7041176470588235,1
0.8500000000000001,0.6900000000000004,0.28348314606741587,1.133483146067416,-0.4899999999999993,0.05999999999999961,1.4965517241379307,1.0065517241379314,0
-0.20999999999999996,-0.21999999999999975,1.0064596273291926,0.7964596273291926,1.2400000000000002,-1.5200000000000005,0.6813740458015269,1.9213740458015272,0
0.5900000000000007,-0.1800000000000006,1.443206002728513,2.0332060027285137,0.3000000000000007,-0.38000000000000034,0,2.164878048780488,1
-2.9400000000000004,-0.2699999999999996,-3.5615492957746477,-6.501549295774648,-0.5,0.8900000000000006,0,-4.95,0
0.7100000000000004,1.4199999999999995,-1.0715508021390372,-0.3615508021390368,2.1300000000000003,-1.0900000000000003,0.10367509986684409,2.2336750998668444,1
0.20999999999999996,-0.9800000000000004,0,-3.0003007518797,1.35,-0.5200000000000005,-0.6366550522648082,0.7133449477351919,1
0.98,1.4499999999999997,0.09519337016574614,1.0751933701657461,-0.4400000000000004,-0.5800000000000001,-0.2649999999999997,-0.7050000000000001,1
-1.2399999999999998,-0.06000000000000005,0.24462686567164216,-0.9953731343283576,0.8999999999999999,0.9999999999999996,-1.4198969072164944,-0.5198969072164945,1
1.6199999999999997,0.6300000000000003,0.0766666666666671,1.6966666666666668,1.6999999999999997,1.21,-0.31454545454545446,1.3854545454545453,1
1.5799999999999996,-0.6799999999999997,-0.9393494704992444,0.6406505295007552,1.3000000000000003,-0.3600000000000003,-0.07203883495145602,1.2279611650485442,0
0.75,0.19999999999999973,-1.134386252045826,-0.3843862520458261,0.9499999999999997,0.8600000000000003,1.1425806451612903,2.09258064516129,0
-0.34999999999999964,-0.13000000000000078,-0.6679389312977095,-1.0179389312977092,-0.05999999999999961,0.2699999999999996,0.9935064935064939,0.9335064935064943,0
1.1500000000000004,-0.5500000000000007,0.8248407643312103,1.9748407643312107,0.6600000000000001,0.4099999999999997,-0.40794871794871757,0.2520512820512826,1
1.8,1.27,-1.2859044862518092,0.5140955137481908,-1.1600000000000001,-1.29,-0.25795275590551103,-1.4179527559055112,0
2.7899999999999996,-1.3599999999999994,-1.6422448979591828,1.1477551020408168,1.5999999999999996,-0.2599999999999998,-0.18327974276527303,1.4167202572347266,1
0.25,0.6799999999999997,-0.6847204968944105,-0.4347204968944105,-0.6100000000000003,0.0600000000000005,-1.2258288770053474,-1.8358288770053477,1
-1.2299999999999995,-0.25,0.8671657754010695,-0.36283422459893,1.29,-1.46,-0.5987234042553196,0.6912765957446805,1
1.31,-0.15000000000000036,-0.5324440619621345,0.7775559380378656,-0.4499999999999993,-0.3900000000000001,0.11805687203791493,-0.33194312796208436,0
-1.2800000000000002,-0.33999999999999986,-0.870821917808219,-2.1508219178082193,-0.5599999999999996,0.9399999999999995,0.6379041916167663,0.07790419161676665,1
0.3599999999999999,1.4300000000000002,-0.7119075144508669,-0.351907514450867,0.28000000000000025,-1.1100000000000003,0,-67.02,1
-10.6,-0.96,0,-9.850000000000001,0.6500000000000004,-0.5200000000000005,0.21448275862068966,0.86448275862069,1
1.2800000000000002,-0.050000000000000266,0,-0.4802439024390246,0.71,0.9800000000000004,-2.2205590062111797,-1.5105590062111798,1
1.71,0.6699999999999999,-1.0824489795918368,0.6275510204081631,1.92,1.15,-0.6992961876832844,1.2207038123167155,0
-0.21999999999999975,-0.6700000000000008,0.04999999999999982,-0.16999999999999993,-5.39,-0.34000000000000075,4.8,-0.5899999999999999,0
-0.06000000000000005,0.1200000000000001,-1.775756457564575,-1.835756457564575,-0.7800000000000002,0.9199999999999999,-0.4145454545454541,-1.1945454545454544,1
0.11000000000000032,-0.2400000000000002,-1.2924758842443733,-1.182475884244373,3.07,0.3899999999999997,-6.65711743772242,-3.5871174377224193,1
-1.04,-0.54,0.2399181669394439,-0.8000818330605561,0.56,0.3999999999999999,0.1921518987341777,0.7521518987341778,1
-0.06999999999999984,1.1799999999999997,0.1308087091757395,0.06080870917573966,0.25,-1.1999999999999997,-1.401081081081081,-1.151081081081081,1
1.87,-0.29000000000000004,-0.519281767955801,1.350718232044199,1.3600000000000003,-0.5900000000000007,0.6666666666666665,2.026666666666667,1
0.81,-0.20999999999999996,-0.5417857142857145,0.2682142857142855,2.2899999999999996,-0.1899999999999995,-0.48109439124486997,1.8089056087551296,1
-0.35000000000000053,-0.8899999999999997,-0.3175111773472432,-0.6675111773472437,-0.3899999999999997,1.1600000000000001,1.4634915773353754,1.0734915773353757,1
1.31,-0.71,-0.7842857142857143,0.5257142857142858,-0.9500000000000002,-0.5599999999999996,0.3354545454545459,-0.6145454545454543,1
1.2200000000000002,0.1299999999999999,-0.0032203389830511853,1.216779661016949,1.2000000000000002,0.3799999999999999,0.7675675675675677,1.967567567567568,0
2.37,0.1299999999999999,0,3.81,-0.9399999999999995,0.3799999999999999,0.14769230769230735,-0.7923076923076922,1
-0.40000000000000036,-0.22999999999999954,1.1031506849315074,0.703150684931507,0.5800000000000001,-0.2599999999999998,1.7460638297872335,2.3260638297872336,1
2.1999999999999997,-0.25,-6.525,-4.325,1.13,-0.6200000000000001,1.4323076923076927,2.5623076923076926,0
3.8400000000000003,-1.33,0,3.701920529801325,0.6699999999999999,0.010000000000000231,0.3195522388059704,0.9895522388059703,0
-0.15000000000000036,-0.1999999999999993,-0.7141176470588233,-0.8641176470588237,0.04999999999999982,-0.1999999999999993,-0.5881947743467935,-0.5381947743467936,0
0.7599999999999998,-0.3199999999999994,-0.7885714285714291,-0.028571428571429358,0.8199999999999998,-0.34999999999999964,0.9042622950819674,1.7242622950819673,0
-0.7599999999999998,-0.8799999999999999,0.5768421052631583,-0.18315789473684152,-0.3799999999999999,1.1399999999999997,-0.2017647058823524,-0.5817647058823523,0
0.6100000000000003,-0.7000000000000002,0.8915384615384614,1.5015384615384617,0.6099999999999994,-0.5699999999999994,-0.2301986754966885,0.37980132450331094,0
-1.2000000000000002,0.11000000000000032,-1.1532075471698118,-2.353207547169812,0.6700000000000004,0.3799999999999999,1.2531957390146466,1.923195739014647,0
-1.0700000000000003,-0.22999999999999954,0.7600598802395213,-0.30994011976047897,-0.2599999999999998,-0.28000000000000025,-1.353108108108108,-1.6131081081081078,0
-1.3199999999999998,0.9099999999999997,-1.7721487603305777,-3.0921487603305775,1.33,0.3900000000000001,0.24708737864077657,1.5770873786407766,1
1.31,-0.4800000000000004,0.7318181818181819,2.041818181818182,0.94,1.4,0.25518987341772137,1.1951898734177213,0
0.14000000000000012,1.2099999999999995,-0.03400722021660618,0.10599277978339394,0.1200000000000001,1.4500000000000002,-0.5845015105740181,-0.464501510574018,1
0.13999999999999968,0.9200000000000008,-0.47483870967741915,-0.33483870967741947,0.15000000000000036,0.04999999999999982,-0.46155309033280467,-0.3115530903328043,0
0.6600000000000001,-1.12,0.5499999999999998,1.21,2.1100000000000003,-1.4800000000000004,0.004545454545454408,2.1145454545454547,1
-0.5800000000000001,0.6799999999999997,-1.2431081081081077,-1.8231081081081077,1.1499999999999995,0.8900000000000006,-0.5115789473684211,0.6384210526315783,0
1.9100000000000001,0.6799999999999997,0.7580645161290323,2.668064516129032,-0.07000000000000028,0.8900000000000006,-0.24248472505091634,-0.3124847250509166,1
0.15000000000000036,-0.21999999999999975,-1.314973262032086,-1.1649732620320856,1.0899999999999999,-0.16999999999999993,-0.07693721286370625,1.0130627871362936,0
0.29000000000000004,-0.33000000000000007,0.33248259860788876,0.6224825986078888,1.4800000000000004,-0.33000000000000007,0.9902362204724409,2.470236220472441,1
0.3600000000000003,-0.8899999999999997,-1.133658536585366,-0.7736585365853657,0.040000000000000036,1.15,-0.5889320388349524,-0.5489320388349523,1
-0.8899999999999997,-0.7000000000000002,-0.2690909090909095,-1.1590909090909092,2.2899999999999996,-0.5499999999999998,-0.3885179407176289,1.9014820592823707,0
1.7399999999999998,0.040000000000000036,-0.6621483375959079,1.077851662404092,-0.1299999999999999,0.4399999999999995,0.36909090909090914,0.23909090909090924,1
-0.75,-1.3100000000000005,0,-0.7472727272727271,-0.17999999999999972,0.7400000000000002,0.014969325153374236,-0.16503067484662548,0
-1.0799999999999996,0.94,1.2714634146341464,0.19146341463414673,0.8499999999999996,0.35000000000000053,0.10339622641509427,0.9533962264150939,0
0.75,-0.5,-0.013068181818181479,0.7369318181818185,-0.23000000000000043,1.4000000000000004,-0.5742704626334509,-0.8042704626334514,0
0.7799999999999998,1.2100000000000004,-1.816064318529861,-1.0360643185298613,1.4300000000000002,1.42,0.44712807244501973,1.87712807244502,0
-1.1400000000000006,0.9000000000000004,0.6689820359281438,-0.4710179640718568,2.1499999999999995,0.0600000000000005,0,-4.723529411764707,0
-0.25,-1.1,0.3101321585903083,0.06013215859030829,0.5700000000000003,-1.4800000000000004,-0.37637744034707143,0.19362255965292885,0
-1.5500000000000007,-0.33000000000000007,-0.8099999999999996,-2.3600000000000003,-0.33000000000000007,0.41000000000000014,0.6931114327062224,0.36311143270622237,0
-0.8600000000000003,0.6699999999999999,0.8254323001631327,-0.03456769983686758,0.7900000000000005,0.8699999999999992,0.06499999999999995,0.8550000000000004,0
-0.05999999999999961,-0.29000000000000004,0.913636363636364,0.8536363636363644,0.7800000000000002,-0.11000000000000032,1.3329639889196678,2.112963988919668,0
1.3100000000000005,-0.5200000000000005,-0.44854984894259786,0.8614501510574026,1.17,-1.3299999999999992,0,0.32769230769230706,1
-0.9900000000000002,-0.8700000000000001,0,-3.3500000000000005,1.5699999999999998,1.1300000000000003,-1.2011764705882353,0.36882352941176455,1
0.3799999999999999,0.04999999999999982,-0.8072881355932204,-0.42728813559322054,0.0,0.4400000000000004,2.459090909090909,2.459090909090909,0
2.3600000000000003,-0.2400000000000002,-0.31847795163584625,2.041522048364154,1.7800000000000002,-0.25,-0.4230120481927706,1.3569879518072296,0
0.6200000000000001,-1.3399999999999999,0.7509677419354839,1.370967741935484,1.4100000000000001,0.7599999999999998,-0.16454545454545455,1.2454545454545456,0
0.7800000000000002,0.8700000000000001,-0.25235294117647067,0.5276470588235296,0.03000000000000025,-0.5300000000000002,1.2898734177215188,1.319873417721519,1
-0.3999999999999999,1.1199999999999997,-1.5816417910447766,-1.9816417910447766,0.3500000000000001,1.4799999999999995,0.783808553971487,1.133808553971487,1
-1.25,0.8700000000000001,-0.2572413793103445,-1.5072413793103445,1.33,0.08000000000000007,-0.9037246963562753,0.4262753036437248,1
1.6099999999999999,-0.3700000000000001,0.37314685314685336,1.9831468531468532,0.5100000000000002,0.43999999999999995,0.4639946737683087,0.973994673768309,0
0.8200000000000003,-1.4500000000000002,0.5627118644067792,1.3827118644067795,1.33,1.42,-0.3583367139959437,0.9716632860040564,1
2.9699999999999998,0.45999999999999996,-3.709411764705882,-0.7394117647058822,1.54,0.8700000000000001,-0.22597156398104223,1.3140284360189578,0
1.9200000000000002,1.0599999999999996,-0.829130434782609,1.0908695652173912,-2.9499999999999993,-0.29000000000000004,-0.9175000000000004,-3.8674999999999997,1
0.4900000000000002,-0.46999999999999975,-0.17183673469387717,0.31816326530612304,-1.1300000000000008,-1.3499999999999996,1.6118320610687036,0.4818320610687028,0
1.48,0.040000000000000036,-0.004545454545454408,1.4754545454545456,-0.1900000000000004,-0.05999999999999961,2.118620689655173,1.9286206896551725,0
-0.8199999999999994,-1.4400000000000004,1.1531578947368422,0.33315789473684276,-0.79,-0.23000000000000043,-1.5300636942675157,-2.3200636942675157,1
1.15,0.8799999999999999,-1.0320578778135046,0.11794212218649536,1.1900000000000004,-0.5500000000000007,0.08653905053598754,1.276539050535988,0
1.4500000000000002,1.1499999999999995,-1.9652577319587623,-0.5152577319587621,1.0299999999999998,1.46,-0.9716058394160583,0.058394160583941535,0
-0.20000000000000018,-0.3700000000000001,-0.603246073298429,-0.8032460732984292,-2.12,-0.7200000000000006,0,-1.6399999999999997,1
-0.10000000000000009,0.9999999999999996,-1.488194774346793,-1.588194774346793,0.27000000000000046,0.5499999999999998,0.8909634551495014,1.1609634551495018,1
0.21999999999999975,-1.0999999999999996,-2.703793103448276,-2.483793103448276,0.9499999999999997,-0.5699999999999994,0.6756716417910451,1.6256716417910448,0
-0.6399999999999997,0.9799999999999995,0.07364485981308455,-0.5663551401869151,-2.88,-0.8099999999999996,0,-2.875,1
1.4299999999999997,-0.2599999999999998,-0.03099722991689724,1.3990027700831025,-1.79,-0.3099999999999996,-0.1670658682634727,-1.9570658682634727,1
-1.1300000000000008,-0.3799999999999999,2.1874468085106384,1.0574468085106377,0.31000000000000005,0.4599999999999995,-0.016363636363635692,0.29363636363636436,1
1.79,0.41000000000000014,0.6103448275862067,2.4003448275862067,1.5299999999999998,0.9100000000000001,-0.849510489510489,0.6804895104895108,1
-0.4900000000000002,1.0700000000000003,-0.2352147239263802,-0.7252147239263804,-1.0300000000000002,-0.2999999999999998,-1.2146445497630323,-2.2446445497630325,0
-1.0899999999999999,-0.4900000000000002,0.0,-1.0899999999999999,2.56,-1.33,-1.9967088607594934,0.5632911392405067,0
1.5499999999999998,0.020000000000000018,-0.5404477611940295,1.0095522388059703,-0.3100000000000005,-0.040000000000000036,-1.4562499999999998,-1.7662500000000003,0
-0.10000000000000009,-0.020000000000000018,0.5731647634584016,0.4731647634584015,2.0800000000000005,-0.040000000000000036,-0.2936388140161723,1.7863611859838282,1
0.34999999999999964,-1.3599999999999994,-1.3133795013850413,-0.9633795013850417,0.39999999999999947,-0.28999999999999915,0.07769230769230795,0.4776923076923074,1
0.6499999999999999,0.8300000000000001,-1.2797630331753553,-0.6297630331753554,1.3200000000000003,-0.5,0.5100748129675812,1.8300748129675815,0
0.06000000000000005,1.12,0.9060975609756099,0.96609756097561,0.5399999999999996,1.4700000000000006,1.3228761651131822,1.8628761651131818,1
0.09999999999999964,-0.33000000000000007,0,0.9409090909090905,0.16999999999999993,-0.75,-0.1920598006644516,-0.02205980066445168,0
-0.41999999999999993,1.0300000000000002,-1.2024508320726177,-1.6224508320726176,0.9900000000000002,0.5,0.05891495601173036,1.0489149560117306,1
0.5599999999999996,-1.13,0,-21.37146341463415,0.41000000000000014,-0.5199999999999996,0.8022821576763484,1.2122821576763485,1
1.3000000000000003,0.9900000000000002,-0.53108504398827,0.7689149560117303,-0.3100000000000005,-0.8199999999999994,0.20636363636363697,-0.10363636363636353,1
0.8200000000000003,-0.2400000000000002,1.232239657631954,2.0522396576319544,0.6499999999999999,-0.3099999999999996,0.25,0.8999999999999999,0
1.0299999999999994,-1.4699999999999998,-2.0696874999999997,-1.0396875000000003,0.18999999999999995,1.4300000000000002,0.45780821917808234,0.6478082191780823,0
0.5799999999999996,0.4800000000000004,0.15695014662756623,0.7369501466275659,-0.1499999999999999,0.8300000000000001,-0.08919168591224036,-0.23919168591224027,0
-8.7,1.06,0,-4.5375,0.9799999999999995,-0.27999999999999936,-0.5066666666666659,0.4733333333333336,1
0.11000000000000032,-0.5099999999999998,-0.3245551601423484,-0.2145551601423481,2.3699999999999997,-1.2999999999999998,0,2.1715706806282724,1
0.6299999999999999,0.0,0.24560253699788603,0.8756025369978859,0.3400000000000003,-0.020000000000000462,0.7799999999999998,1.12,0
1.2200000000000002,-0.010000000000000231,-0.2385258964143424,0.9814741035856578,0.1900000000000004,-0.040000000000000036,-2.0218446601941746,-1.8318446601941742,0
-2.05,-1.3400000000000003,-0.7860869565217383,-2.836086956521738,1.88,-0.2999999999999998,-1.2905839416058393,0.5894160583941606,0
-0.98,0.81,0,-1.6949999999999998,1.15,-0.47999999999999954,1.9252941176470588,3.0752941176470587,1
0.3700000000000001,1.1300000000000003,1.4702362204724408,1.840236220472441,0.8699999999999997,1.4400000000000004,-0.7018918918918922,0.1681081081081075,1
0.8700000000000001,-0.3899999999999997,0.7930188679245282,1.6630188679245284,1.4499999999999997,-0.6699999999999999,-0.841492537313433,0.6085074626865667,1
0.040000000000000036,1.06,0.5337735849056608,0.5737735849056609,0.009999999999999787,0.46000000000000085,0.6763286004056792,0.686328600405679,1
-1.1500000000000004,-1.1,-0.45101426307448467,-1.601014263074485,-0.7200000000000006,-0.5199999999999996,-0.6628571428571428,-1.3828571428571435,1
0.6800000000000002,1.0199999999999996,-0.9441573033707864,-0.26415730337078625,-0.5499999999999998,-0.8499999999999996,0.697058823529412,0.14705882352941213,1
-0.41999999999999993,-0.2599999999999998,-1.7241935483870963,-2.144193548387096,-0.2400000000000002,-0.28000000000000025,-1.0908955223880588,-1.330895522388059,1
1.29,-1.58,-0.9442384105960269,0.34576158940397317,0.6200000000000001,1.1400000000000001,0.5562584118438765,1.1762584118438766,0
-2.96,-0.010000000000000231,2.105294117647059,-0.854705882352941,1.8399999999999999,-0.06000000000000005,-0.011282051282051064,1.8287179487179488,1
-0.08999999999999986,0.8299999999999996,-0.20104265402843646,-0.2910426540284363,0.2599999999999998,-1.4299999999999997,-0.5393181818181816,-0.2793181818181818,1
-1.1799999999999997,0.0,-1.0971128107074577,-2.2771128107074574,-0.7200000000000006,-1.3199999999999994,-1.0557627118644062,-1.7757627118644068,0
-0.8399999999999999,1.0599999999999996,-0.5417535545023693,-1.3817535545023691,0.94,-0.5199999999999996,-0.2809090909090908,0.6590909090909092,0
1.0899999999999999,1.0499999999999998,0.7483333333333335,1.8383333333333334,-2.8499999999999996,-0.2999999999999998,-1.1786486486486476,-4.028648648648647,0
-2.1100000000000003,-0.2599999999999998,0,0.13999999999999968,3.62,-0.1900000000000004,0,-2.01,0
0.8899999999999997,-1.5899999999999999,-0.8142105263157893,0.0757894736842104,-0.08000000000000007,1.1600000000000001,0.15039531478770174,0.07039531478770167,1
-0.2599999999999998,1.0499999999999998,0.4491482649842271,0.18914826498422732,0.41999999999999993,-0.8799999999999999,-1.1265217391304345,-0.7065217391304346,1
1.2000000000000002,0.009999999999999787,-0.48878296146044686,0.7112170385395533,0.9299999999999997,-0.71,0.6500000000000004,1.58,0
0.35000000000000053,-0.54,2.0199999999999996,2.37,0.11000000000000032,-0.29000000000000004,1.2015942028985505,1.3115942028985508,1
1.2399999999999998,-0.45999999999999996,-0.01688487584650078,1.223115124153499,-0.6500000000000004,0.4500000000000002,-0.14411764705882302,-0.7941176470588234,1
1.5,1.5400000000000005,0.023333333333333428,1.5233333333333334,0.8400000000000003,1.3999999999999995,-0.04586206896551692,0.7941379310344834,0
-0.04999999999999982,0.009999999999999787,-0.3427888446215137,-0.39278884462151353,0.18999999999999995,-0.08999999999999986,-2.9897518610421843,-2.7997518610421843,1
-0.020000000000000018,0.8600000000000003,0.05645962732919285,0.036459627329192834,-2.2199999999999998,-1.4499999999999997,-0.8328571428571427,-3.0528571428571425,0
-0.6499999999999995,-0.35000000000000053,0.0800343053173238,-0.5699656946826757,-0.040000000000000036,0.46999999999999975,1.1650184501845025,1.1250184501845024,0
-0.2699999999999996,0.9900000000000002,-0.6546757679180892,-0.9246757679180888,0.7200000000000006,-0.47000000000000064,-0.18491525423728827,0.5350847457627124,0
-0.1299999999999999,-1.0500000000000003,-0.8002662229617306,-0.9302662229617304,1.62,-0.4400000000000004,-4.557117437722419,-2.937117437722419,0
0.8799999999999999,1.0100000000000007,0.3176923076923073,1.1976923076923072,0.33000000000000007,-0.2599999999999998,-0.453216957605985,-0.12321695760598494,1
-1.12,-0.27000000000000046,0.9513859910581219,-0.16861400894187817,2.3,-0.16999999999999993,-0.9203190013869627,1.3796809986130372,0
1.0999999999999996,-1.5499999999999998,-1.0796551724137924,0.02034482758620726,1.4099999999999997,1.12,-0.8171554252199411,0.5928445747800586,0
0.18000000000000016,1.1,-0.19962552011095758,-0.019625520110957417,0.03999999999999915,-0.9299999999999997,0.31333333333333346,0.3533333333333326,0
0.71,-0.009999999999999787,0.9273170731707316,1.6373170731707316,3.4000000000000004,-0.6900000000000004,0,3.1871428571428573,1
1.2599999999999998,-0.46999999999999975,0.3996610169491528,1.6596610169491526,0.03000000000000025,-0.34999999999999964,1.2166666666666668,1.246666666666667,0
1.4399999999999995,-0.4399999999999995,0.4253061224489798,1.8653061224489793,-1.0999999999999996,0.4299999999999997,1.6999999999999997,0.6000000000000001,0
0.9300000000000002,1.5000000000000004,-0.8400000000000003,0.08999999999999986,-0.2699999999999996,1.42,0.9666666666666668,0.6966666666666672,1
1.58,0.020000000000000018,0.28454545454545466,1.8645454545454547,1.67,-0.10999999999999988,0.8940677966101696,2.5640677966101695,0
-0.03000000000000025,0.05999999999999961,1.7824137931034487,1.7524137931034485,-0.7000000000000002,-1.3499999999999996,3.4727272727272736,2.7727272727272734,1
-0.14000000000000012,0.4099999999999997,0.5322821576763488,0.39228215767634866,0.94,0.9199999999999999,-1.0564476021314388,-0.1164476021314389,1
-2.38,-0.39999999999999947,1.1694211287988416,-1.2105788712011583,-0.15000000000000036,0.5099999999999998,2.0106194690265493,1.860619469026549,0
-0.16000000000000014,0.96,-2.2934180138568117,-2.453418013856812,0.6600000000000001,-0.4400000000000004,-0.322244897959183,0.33775510204081716,1
-0.27000000000000046,-1.1099999999999999,-2.1372566371681403,-2.4072566371681408,2.01,-0.35999999999999943,-0.46649350649350607,1.5435064935064937,0
-0.45999999999999996,1.04,0.6669565217391304,0.20695652173913048,-2.9799999999999995,-0.3100000000000005,-1.3719626168224295,-4.351962616822429,1
1.58,-0.28000000000000025,-0.07363881401617212,1.506361185983828,-2.01,-0.16000000000000014,-2.424757281553397,-4.434757281553397,0
1.3399999999999999,-1.5899999999999999,0.7902564102564105,2.1302564102564103,-0.10000000000000009,1.1700000000000004,0.21263665594855308,0.11263665594855299,0
-0.6099999999999999,1.02,0.3625345622119811,-0.24746543778801877,-1.9699999999999998,-0.8500000000000005,-3.185135135135135,-5.155135135135135,0
0.6699999999999999,0.0,0.21505617977528058,0.8850561797752805,-0.3200000000000003,-1.4100000000000001,1.3090909090909095,0.9890909090909092,1
0.28000000000000025,-0.47000000000000064,-0.45496503496503493,-0.17496503496503468,-1.6400000000000006,-0.33999999999999986,-1.4007677543186174,-3.040767754318618,1
0.3199999999999994,-0.46999999999999975,-0.3037595907928381,0.0162404092071613,-0.08999999999999986,0.4500000000000002,-0.7990192644483365,-0.8890192644483363,1
1.0499999999999998,1.3800000000000008,-0.5056250000000002,0.5443749999999996,-1.08,-0.6799999999999997,0,0.18714285714285683,0
-0.4500000000000002,0.0,0.05265682656826609,-0.3973431734317341,-0.1899999999999995,-0.0900000000000003,-0.9656660412757976,-1.155666041275797,1
2.1400000000000006,0.1299999999999999,0,-2.443157894736842,0.3100000000000005,-0.4500000000000002,0.21926829268292636,0.5292682926829269,1
0.2400000000000002,-0.41999999999999993,-0.22024390243902392,0.019756097560976293,-0.5099999999999998,0.5300000000000002,-1.8196344647519576,-2.3296344647519573,0
-0.7799999999999994,-1.1200000000000006,0.8331221719457016,0.053122171945702235,-1.6500000000000004,-0.33999999999999986,-0.16070240295748572,-1.810702402957486,0
-0.6200000000000001,1.0600000000000005,0.25,-0.3700000000000001,-1.46,-0.33000000000000007,0.7662500000000003,-0.6937499999999996,1
0.7000000000000002,-0.3100000000000005,1.5949367088607591,2.2949367088607593,0.4400000000000004,-0.1200000000000001,-0.1807965860597438,0.2592034139402566,0
1.8199999999999998,0.5599999999999996,0.5151063829787235,2.335106382978723,-0.29000000000000004,-0.3199999999999994,-4.331317365269461,-4.621317365269461,1
2.7,-1.4000000000000004,-2.3261631419939572,0.37383685800604294,-0.6000000000000001,0.9600000000000004,-0.41999999999999993,-1.02,0
0.8600000000000003,-0.33999999999999986,0.3236034732272066,1.183603473227207,1.8200000000000003,0.9999999999999996,-3.0330927835051544,-1.2130927835051541,0
2.0,0.020000000000000462,-0.5569687964338783,1.4430312035661217,0.6099999999999994,-1.4299999999999997,0.007241379310345408,0.6172413793103448,1
1.23,-0.34999999999999964,-0.39652605459057044,0.8334739454094295,-0.7800000000000002,-0.39999999999999947,-2.0748351648351635,-2.8548351648351638,1
1.2800000000000002,-0.45999999999999996,0.21900414937759338,1.4990041493775936,0.7799999999999998,0.020000000000000018,0.4582624768946397,1.2382624768946395,1
0.4099999999999997,1.3600000000000003,0.013636363636363225,0.4236363636363629,0.3699999999999992,-0.6599999999999993,-0.44461538461538375,-0.07461538461538453,0
0.15000000000000036,1.5,0.11050955414012753,0.2605095541401279,1.58,-0.29000000000000004,-0.41310344827586176,1.1668965517241383,0
1.2400000000000002,0.8300000000000001,-0.31251184834123213,0.9274881516587681,0.3999999999999999,1.1700000000000004,1.53,1.93,1
0.6600000000000001,0.4200000000000004,0.36502024291497914,1.0250202429149793,-1.0599999999999996,-1.1500000000000004,0.9453978159126359,-0.11460218408736367,1
0.2400000000000002,0.8999999999999999,-2.62906976744186,-2.38906976744186,0.6799999999999997,-1.5899999999999999,-0.7816783216783216,-0.10167832167832191,0
0.9100000000000006,-0.4500000000000002,-0.48574803149606316,0.4242519685039374,-0.35999999999999943,-0.8300000000000001,-1.272089552238806,-1.6320895522388055,1
1.6199999999999997,1.08,0.4245454545454548,2.0445454545454544,0.79,0.3799999999999999,0.11513552068473576,0.9051355206847358,1
0.56,0.5899999999999999,-1.5706635071090047,-1.0106635071090047,-0.09999999999999964,-0.34999999999999964,0,1.75,0
1.77,-1.42,0.32612903225806456,2.0961290322580646,0.2599999999999998,0.9900000000000002,0.8165661252900236,1.0765661252900234,0
-0.25,-0.35999999999999943,-0.6378048780487813,-0.8878048780487813,1.42,1.0099999999999998,-2.001017964071856,-0.5810179640718562,0
0.4800000000000004,0.1200000000000001,-0.4314285714285715,0.04857142857142893,-1.8999999999999995,-1.5100000000000002,-1.3173469387755103,-3.21734693877551,1
-2.1500000000000004,-0.2999999999999998,0.7806122448979593,-1.369387755102041,0.05000000000000071,-0.4400000000000004,-0.09486486486486534,-0.04486486486486463,0
0.7999999999999998,-0.34999999999999964,1.04,1.8399999999999999,-2.71,-0.0900000000000003,0.9727272727272727,-1.7372727272727273,1
0.5800000000000001,1.3399999999999999,-1.0973786407766983,-0.5173786407766983,1.4099999999999997,-0.6499999999999995,-1.8316494845360825,-0.42164948453608275,1
0.30000000000000027,1.4799999999999995,0.4779220779220781,0.7779220779220783,0.8300000000000001,-0.29000000000000004,1.2801941747572818,2.110194174757282,1
1.4100000000000001,0.8399999999999999,-0.6634338747099768,0.7465661252900233,0.75,1.1400000000000001,-0.9041721854304634,-0.1541721854304634,0
-1.37,0.14000000000000057,-0.5501492537313437,-1.9201492537313438,0.9299999999999997,-0.45999999999999996,0.23780487804878048,1.1678048780487802,1
0.41000000000000014,0.4399999999999995,0.21785028790786942,0.6278502879078696,4.93,-1.17,0,-2.2700000000000005,1
3.6900000000000004,-0.09000000000000075,0,-1.4278947368421049,1.23,-0.1200000000000001,0.18000000000000016,1.4100000000000001,1
1.1099999999999999,-0.4299999999999997,0.3910810810810812,1.501081081081081,-0.6999999999999993,-0.8400000000000007,0.9197202797202797,0.2197202797202804,1
0.4500000000000002,0.8599999999999999,-1.346498422712933,-0.8964984227129329,0.6600000000000001,-1.5499999999999998,0.04999999999999982,0.71,1
1.0499999999999998,1.1400000000000006,-0.3244859813084111,0.7255140186915887,0.0,0.2999999999999998,-1.4299999999999997,-1.4299999999999997,1
0.7799999999999998,1.1400000000000006,-0.30495844875346245,0.47504155124653735,2.12,0.2999999999999998,0.6038461538461539,2.723846153846154,0
